CUSTOMER_ID,x_customer_id,y_customer_id,mean_amount,std_amount,mean_nb_tx_per_day
0,10.950169862290908,59.768683899645,62.262520726806166,31.131260363403083,2.1795327319875875
1,13.6718509471261,52.775318462163725,46.57078506995579,23.28539253497789,3.567092003128319
2,-9.381829211247014,38.61761873183384,80.21387861785314,40.10693930892657,2.115579679011618
3,-3.7451164017886485,40.55174352183344,11.74842552879926,5.87421276439963,0.3485171988061628
4,4.312412226299889,51.06710035687215,78.9248913402358,39.4624456701179,3.4800485929872766
5,5.058492095675168,52.084052383681964,48.84053941402853,24.420269707014263,3.122116705145822
6,-0.4661548024665114,38.21021412865797,18.61856230385941,9.309281151929705,3.778675668198336
7,14.722394378831725,49.99209175760215,30.132783149939563,15.06639157496978,3.0969347577368667
8,9.469114918695281,48.48032081067438,6.785031041453738,3.392515520726869,2.470541988303508
9,9.927387849595204,53.66643501907225,94.6560674588893,47.32803372944465,2.7272811964139336
10,2.267169009164856,49.019897538068584,71.27496361309016,35.63748180654508,0.2409018865170793
11,13.105119816961976,38.055240403531656,24.986343302014884,12.493171651007442,0.5157051906194132
12,2.1146818707082753,48.783840950331275,59.168693189698566,29.584346594849283,1.7544060538492814
13,13.39302547473141,52.324459145547586,24.843291829009296,12.421645914504648,0.645238071539985
14,-3.776748021918427,44.835418351965075,49.2995234213491,24.64976171067455,0.977702368006411
15,20.978253546832484,52.373701933783124,67.35131099920098,33.67565549960049,0.5527318053944552
16,9.90363217999084,53.5302398438762,82.99435683555383,41.49717841777692,0.3884051031722451
17,-5.902617085496685,37.418615664061555,97.7636491762726,48.8818245881363,1.8746048065908063
18,8.250655398058994,47.661300206206356,75.23004004283865,37.615020021419326,0.1567511690172827
19,17.910998724730483,59.307707368475356,33.13331876460377,16.566659382301886,0.4749108758169762
20,-0.1396429386049879,39.73350943399734,11.094012153134514,5.547006076567257,2.7698884774800794
21,18.275799525846658,59.16725744028178,54.70856507933647,27.354282539668237,0.3757620430337667
22,11.221976871483523,49.15656102837591,35.264050482875746,17.632025241437873,2.6696415198547268
23,8.921672897558718,48.49683840207866,32.4935788299841,16.24678941499205,0.7327654480284673
24,-1.1191279459074348,41.75654368814155,83.7493027756495,41.87465138782475,0.0187819047701882
25,8.600792168020144,50.34946446951374,74.84343210164651,37.42171605082326,3.848754180469753
26,-0.5848341538321113,39.35939345593007,61.24398347082471,30.621991735412355,2.289007623163493
27,11.008487795460606,43.65110813444791,47.4769109686746,23.7384554843373,3.3856346898845118
28,13.256859641506141,38.02100242966509,82.31079287173533,41.15539643586767,1.5860229633879386
29,12.51295116959868,55.91950939462579,88.76485937621102,44.38242968810551,2.7701263603110635
30,4.157398242133161,51.08683216697874,95.82794529870628,47.913972649353134,2.5759607969185496
31,6.736125520378592,51.11735534495274,6.8233538393866855,3.4116769196933427,1.206299266698197
32,9.71122908440349,52.25353209884504,63.71146575488994,31.85573287744497,1.7150748037830643
33,6.737992148471166,50.734150553397086,59.146666516620165,29.573333258310083,2.363491044992693
34,13.479772981947141,52.36107462828593,66.94981065016044,33.47490532508022,1.7256737417358958
35,19.17399345137507,47.331904602775914,46.40716790023455,23.203583950117277,3.5676934200626884
36,9.897767245366254,52.211315140876565,14.521554294668606,7.260777147334303,3.677930454978694
37,9.160419066342069,48.63713056629841,19.197588942509405,9.598794471254704,3.472504229472857
38,-4.649524930746891,37.885869273860834,16.762898370696945,8.381449185348472,3.3920329172889376
39,9.916099859676216,52.406499341377014,43.68241323646997,21.841206618234985,0.2766679818205522
40,13.91903856828151,50.77740491379421,73.59528194968306,36.79764097484153,3.4655293037145167
41,7.236333287607285,51.61669126008324,6.112837997575188,3.056418998787594,1.4399122579134556
42,0.015004360256854449,51.2609018591022,54.49847758939228,27.24923879469614,0.2173519533570145
43,-2.937330811919991,43.26001602463453,80.40128181895496,40.20064090947748,0.8956987522415205
44,8.97871669494369,50.142954096513485,71.91936818273561,35.959684091367805,0.1273557181252314
45,9.188077680814718,44.16583890261271,59.83671591739592,29.91835795869796,0.9515712854980344
46,-0.887443322853219,41.824292930413186,55.88511628737104,27.94255814368552,2.359639905418284
47,13.408474477165182,37.996401251143475,42.83100091052873,21.415500455264365,0.8393749959004886
48,4.372531508961314,50.5951733175353,75.25732552968232,37.62866276484116,1.9618352344702683
49,18.795326201316968,47.22825827918484,10.512770230768185,5.256385115384092,1.737666502232483
50,17.8217972684575,59.3230156482089,40.88642473278568,20.44321236639284,0.7184147102385392
51,10.683151075076697,60.185796294554834,69.5423134823639,34.77115674118195,1.8147873782241808
52,16.1598767843654,48.02313082921525,99.08220000268692,49.54110000134346,0.8675879375938957
53,10.017563574307463,53.71451346514082,6.961844949244225,3.4809224746221124,3.033514615344566
54,9.390506084194474,48.630132540049516,60.89012578759255,30.445062893796276,3.3241938209447617
55,14.260324830735616,50.023198480673614,30.9864933074854,15.493246653742698,3.192187335650255
56,8.668564125106805,47.23969571322618,70.31138625684245,35.15569312842123,0.8620307084542338
57,-3.7038102392419363,45.26369030456472,29.12445604652745,14.562228023263726,0.8532479094699279
58,-5.8075280130437585,37.330449983307936,24.709657166905394,12.354828583452695,1.698741875006025
59,9.737166987056249,52.310632923934065,31.37472709799953,15.687363548999766,2.347137385832675
60,-0.9656189930724149,37.81609220511776,54.15101517964085,27.075507589820425,0.5282724253806133
61,7.648652792915169,51.683815085297674,58.71502462655835,29.357512313279177,0.7331193448563145
62,-6.121515206614373,37.552498708923075,38.78321009574579,19.391605047872893,3.761727781011252
63,-5.922637937007708,37.68359256599835,90.85337527586368,45.42668763793184,0.3336897417680742
64,-4.542933714341847,36.604256730400145,96.38395596198676,48.19197798099338,1.1685901071701954
65,9.247096700363647,45.23427000941363,6.560814811190049,3.2804074055950245,3.718117267168762
66,13.359005634833084,52.42845463397027,31.764360046625164,15.882180023312582,2.3456406647453067
67,11.301127854603735,48.225804929302264,97.86203827572244,48.93101913786122,3.506020981266363
68,11.622833258595438,48.10874315859968,27.01165451476443,13.505827257382215,3.7972752896627258
69,11.065069069772354,49.301056712050524,64.89255400234515,32.446277001172575,3.497151866499788
70,8.949096354137032,49.028082839007446,63.69828573216476,31.84914286608238,0.0529474310355979
71,-0.04131544384354549,51.76903807284545,98.27379203273404,49.13689601636703,1.9134812281599525
72,-0.9737078119454188,37.99068650671379,40.01553758231366,20.00776879115683,0.5476010867423957
73,9.067100699417106,52.89341049115734,53.57530334191332,26.78765167095666,0.897268115898957
74,21.037766827894156,52.220056523042125,97.42735145719736,48.71367572859869,3.8433386322520007
75,16.43652209950333,48.251776874713855,36.64878944272098,18.32439472136049,0.324405559951987
76,6.911005160563054,51.480447586579025,17.586325302008383,8.793162651004192,0.213708727147301
77,4.2338208948077884,51.12426802295329,78.20517110776375,39.10258555388187,0.5877865816015002
78,8.412161209456915,50.32012632108504,68.84454169862187,34.422270849310934,0.9814688394113792
79,-3.4143593430994077,45.041580858944634,86.75236151373541,43.3761807568677,2.908177050845313
80,2.5291325640134232,49.00551365746536,10.260560440013805,5.130280220006902,1.20639453792377
81,-4.157623429506195,36.4994203263941,69.91172687702964,34.95586343851482,2.782501782555429
82,23.875408933804,37.995206323098,22.209341365005788,11.104670682502894,3.154182049226075
83,-5.007955310521042,37.80819062159058,78.97606261440482,39.48803130720241,3.1096302473950126
84,12.328346042908178,45.72186742258959,60.82196534365696,30.41098267182848,1.091287609697868
85,14.355496748859778,49.86643310504195,48.6863089568207,24.34315447841035,0.1784492050164563
86,18.931139758894222,47.29782108928179,54.289339138994976,27.144669569497488,1.2272403981807845
87,12.789709201419088,42.153401412207174,66.32917322332037,33.164586611660184,0.1414497430219636
88,12.652243290619806,51.40512431909493,55.936861996827936,27.968430998413968,2.7255700424153515
89,-3.8093457407948432,45.147571088499234,42.30418927197396,21.15209463598698,3.8256228911837953
90,8.755627095797708,47.442355725539684,56.661565257346005,28.330782628673003,1.8276456865830637
91,4.200351607735652,50.80441733013577,73.7959254780966,36.8979627390483,1.596101286812408
92,7.22829321644525,51.24073781727072,71.4640951537991,35.73204757689955,1.3108816062284756
93,14.647267606431917,49.99851367049839,27.801925971072407,13.900962985536204,0.6421552899410257
94,7.180396657050784,51.39796736029721,48.52318858970407,24.261594294852035,2.36393666129474
95,8.789547231248266,44.41380382265226,95.42807529910992,47.71403764955497,2.3030046481794897
96,2.1443917078291888,48.56730776213737,82.47476278301404,41.23738139150702,0.6376578537958237
97,18.009237946626698,59.51301283139517,10.95773044221784,5.47886522110892,1.6961290075593678
98,13.52960603760664,52.596451093929666,8.163939521936138,4.081969760968069,3.835930887453894
99,7.353467370481908,51.314968398090365,6.55120775495225,3.275603877476125,0.7409293009447357
100,-15.534087275383905,38.73548459641117,14.463418371020776,7.231709185510388,3.781206133916318
101,-4.763890023907633,37.75453626576406,36.03658376798471,18.018291883992354,0.9309765171162274
102,6.815952540345202,51.357002291008165,6.48257612244868,3.24128806122434,1.715182889992951
103,11.833179884072711,48.37213525995877,26.01028695787797,13.005143478938985,1.0127647748914077
104,12.362255224939663,51.624584482778076,15.971008228181068,7.985504114090534,2.4739210380509915
105,-15.703159882152685,39.01738428786668,43.86013906044085,21.930069530220425,0.6518177041864215
106,8.740208524818494,50.050699558694056,98.993928842021,49.496964421010496,0.2612168286071208
107,-9.287662710253388,38.495838597465024,27.93476890727453,13.967384453637266,2.650018286130704
108,-4.927427609413801,37.771057225608516,54.14430913421743,27.072154567108715,1.6963559537433972
109,8.500404161677196,50.2587742066665,72.124597095933,36.0622985479665,1.659427477334256
110,12.369022627512548,55.48436755009195,92.87185663555326,46.43592831777663,0.1840292435491877
111,-1.0054885564358924,38.15691032438312,82.4218155401735,41.21090777008675,3.9419657105731902
112,-4.433301221638041,36.99602173284417,33.172845181082835,16.586422590541417,3.968044973657896
113,11.823942187868607,48.34436794882673,95.34049805026244,47.67024902513122,0.9336810218723852
114,18.161098799867247,59.03122942101395,74.41736441711024,37.20868220855512,3.5268808493353587
115,0.1654652580176251,51.73782457593491,40.55813741548703,20.279068707743512,2.9951530301605325
116,2.056602184982776,41.18214553325208,47.68270662533512,23.84135331266756,1.217873629509278
117,12.209640490981341,45.22425081041349,52.72699846147984,26.36349923073992,3.7703343987917215
118,-1.196300337198742,38.194705787905185,94.31992048870288,47.159960244351446,3.003059447545408
119,-3.7515616395391653,40.23093006288254,99.46807501652954,49.73403750826477,1.8072867306790383
120,11.835547853165144,48.05774946591193,19.473697040334397,9.736848520167197,1.6699454991840472
121,9.248636062868838,45.44761535596957,41.36676561999614,20.68338280999807,3.58154353715284
122,14.023875704284803,51.23544579220024,31.10823913742168,15.554119568710838,2.368921675047347
123,21.055772058151003,52.04557081860184,57.44743628573723,28.723718142868616,1.0866110704245835
124,-0.7412494313358859,41.5194558643182,28.599279182882245,14.299639591441125,2.0234655353012334
125,20.985764490121998,52.148712522721915,54.872192014155104,27.436096007077552,3.00238009171595
126,-3.0268255058664946,43.3914076348288,86.92026194941073,43.460130974705365,0.1947611839021141
127,-6.464018064338724,53.03984066067873,14.939649430535038,7.469824715267519,1.3939039561339883
128,14.275964520044251,50.00670051742438,64.12652071377046,32.06326035688523,2.8421136108893825
129,9.040772154547687,45.33719531170285,69.24303581635897,34.621517908179484,3.5169390521253083
130,-0.5010196222194626,39.353866216210655,7.872349510568346,3.936174755284173,2.8413473158968534
131,12.234529616993479,45.62396908698267,55.40103538346427,27.70051769173213,3.688445847068772
132,8.88729475592798,48.53621172037895,7.309753972464988,3.654876986232494,1.3704439373663613
133,11.218100595022902,44.05117984392254,24.92624521728533,12.463122608642667,0.4628129333083746
134,6.655259386832039,51.2687001913542,68.83592835660312,34.41796417830156,3.7954440828820295
135,-4.631687891116259,38.05228272515327,62.03726252427576,31.01863126213788,2.3549584398811527
136,16.544145695330872,48.50660511637115,71.16583091663776,35.58291545831888,3.2547145988074537
137,10.815474739353517,60.090368330134744,80.12981550660346,40.06490775330173,0.3889717025296986
138,2.893889178169591,39.422657095486564,70.92585903878201,35.462929519391004,0.3635429281296378
139,13.714427130786106,51.09219670840111,64.21299393691241,32.106496968456206,3.54784312486967
140,7.291955250469809,51.71620280662976,98.15511261479185,49.07755630739592,3.487142939021972
141,-0.02283215173904299,51.78531271343803,56.4311754069279,28.21558770346395,3.693224271556653
142,-9.21059426286755,38.7837135505115,92.37936702392504,46.18968351196252,0.1441352697142779
143,11.488412637973969,48.00980871534861,95.45355624306498,47.72677812153249,1.2001156779037183
144,25.181403185503925,60.182694839448686,47.40746947090428,23.703734735452137,3.631502377417304
145,11.753614359326882,47.97311159385691,46.82505651880172,23.41252825940086,0.3059470761211416
146,-3.4849329409842973,45.069743326893914,8.763474645054185,4.381737322527092,0.239777192998293
147,2.439691002383735,48.56318892198046,75.2889721937646,37.6444860968823,3.5922494288549403
148,8.76863925089203,47.67555441104256,33.922404613000936,16.961202306500468,3.9918490053146938
149,-6.234271204855409,53.48491804902192,40.93329161772887,20.466645808864435,3.9181077173418335
150,8.942922463585957,45.60678457462842,69.63312327142515,34.816561635712574,0.2528304733545226
151,10.725634947384046,59.624416387332396,31.979997792399605,15.989998896199802,0.953653123696232
152,14.4058396401933,50.12990975879679,48.369389669952255,24.184694834976128,1.3499095270569597
153,24.69591366656519,60.00902669598471,14.196375551945549,7.098187775972774,1.3735669151636642
154,-2.9101768674532336,43.506156610815005,42.739390980964,21.369695490482,3.997111975688685
155,-3.841039351725652,45.12435516228955,65.57035598042532,32.78517799021266,3.2522154529898426
156,-0.8314773990241693,41.73843678080264,77.63338756398231,38.81669378199116,2.7929939112731623
157,2.5849025173888407,48.77191630374283,10.950420290681928,5.475210145340964,0.9676068168059392
158,20.98162673446138,52.14840109983841,78.4429376352128,39.2214688176064,3.834963692226372
159,2.3119955996233874,48.90459547908655,61.02099868628732,30.51049934314366,2.981592295789172
160,-9.338466935728734,38.573082024067425,98.425493014761,49.212746507380494,1.5992067688981035
161,-3.076023753546896,43.274381418858795,70.06877167493815,35.034385837469074,2.6270478337633483
162,-0.7266820596467003,41.75995921339936,52.28880624340747,26.144403121703736,2.3243277186882523
163,7.1899059226695075,51.33355580484632,86.66017945986404,43.33008972993202,0.2341396889422351
164,7.673608513123155,51.75342665183223,48.4205823264799,24.21029116323995,3.919849305369237
165,2.2541284237026953,48.663616469819985,16.14497859740342,8.07248929870171,1.0850083070474563
166,2.2800742428724994,48.56596915551149,68.78143047366456,34.39071523683228,1.3788725095020309
167,8.699027809706589,49.964869921603096,42.92030879920344,21.46015439960172,1.727040510617277
168,21.032975221954302,52.225840233523996,83.12864014379058,41.56432007189529,2.613684644454548
169,11.270153529231447,43.79767909917811,15.49532554421575,7.747662772107875,1.6201424531877997
170,-3.6769088640586927,45.01798209611862,7.845280865951189,3.9226404329755935,2.9490169703859093
171,17.8770195303294,59.12576946256299,71.8056621643855,35.90283108219275,2.539145291734779
172,8.749475935122636,47.5380993449691,87.38088011499391,43.69044005749696,0.116760939395653
173,25.058067644719916,59.935856727996104,54.79746673740703,27.398733368703517,1.4603995082400392
174,2.314878945986348,48.89918108359112,54.22423231016156,27.11211615508078,3.371107450739369
175,4.891404399900642,52.34636728700552,12.650540329825189,6.3252701649125935,0.3412436924748134
176,-0.987457706545001,41.65844194259086,30.178771344625797,15.089385672312895,0.2645978484678188
177,-4.606902768975895,36.4886907365903,20.40142476733916,10.20071238366958,2.238729623293792
178,9.189766192259526,48.68229692249299,19.570043396637843,9.78502169831892,0.7983845684804574
179,14.391235288588323,41.14014401972675,38.196827744610815,19.098413872305407,3.1259184009386454
180,7.261726923161212,51.75368541624053,7.750492157561251,3.875246078780625,3.5827651648408136
181,9.238976314502565,48.5200524551454,70.6245537348703,35.31227686743515,3.9493950282958727
182,8.695395197447123,52.89467755957271,52.60100141930145,26.300500709650724,1.505556620777405
183,2.6053784650308085,48.6818413235099,52.11717806047961,26.058589030239805,2.726959780277445
184,-3.811001879181524,40.34494530562034,16.151127946202934,8.075563973101467,0.6393811474167652
185,7.336899197683599,51.39255848285439,5.366733393474804,2.683366696737402,0.7143198722306252
186,23.525486680647134,38.20642544697621,88.78016779419907,44.39008389709954,2.8784806313691527
187,-0.30961144419574604,51.30578230027353,33.53834990005629,16.769174950028145,2.1980022911810857
188,-1.0090679656298334,41.36246899834357,30.38466802692027,15.192334013460137,3.5095951566964785
189,-9.371431404515304,38.71750106772599,28.53007713677001,14.265038568385007,1.2729340367082496
190,-0.05564829679163327,51.231482503719754,47.23579234207357,23.617896171036787,1.3444090655995495
191,13.676756596554052,51.188294843917475,99.2295812696898,49.614790634844894,1.506965067843947
192,-2.861401382003757,43.3813686010878,69.19046902620535,34.595234513102675,0.9795579176803976
193,9.865725471515516,53.601560703185186,92.66187797140972,46.33093898570485,1.1763066495326644
194,7.224269245743832,50.69050920008004,78.92630156777415,39.46315078388707,3.3769398462120965
195,23.463024516881976,37.970626988495596,85.07121434436843,42.53560717218421,3.2721332230233537
196,-4.9233925321756615,37.98479120480781,33.898875701943744,16.949437850971872,0.3014362763333613
197,16.59545039066523,47.9092541739373,58.98067139863528,29.49033569931764,0.9862277592446244
198,-2.6954173561110655,43.516449701929076,97.70896749976067,48.85448374988034,3.7302448154293617
199,14.32684893319844,50.324906127202894,28.78783022108941,14.393915110544707,1.933574140809568
200,11.503691261594351,48.248484240111836,43.78877629227576,21.89438814613788,1.5096262903555493
201,20.837052134139274,52.00289282736327,95.66171246230574,47.83085623115287,1.4077449619827629
202,-9.04049421250888,38.53183024795115,38.95534190149774,19.47767095074887,2.486661745813031
203,-4.484492386655505,36.75482039905525,15.680595135169568,7.840297567584784,0.8497374451761641
204,11.40885283984226,43.97331377955764,75.79713120305227,37.89856560152614,2.1076297962087214
205,6.774947130267201,51.39746722699417,45.4131639087302,22.7065819543651,0.2542150993446337
206,21.242028681420347,51.97772483959655,25.46282941260763,12.731414706303816,3.43335055453705
207,23.586913855607236,37.829285106435925,62.54263594067649,31.271317970338245,0.4626474876200532
208,5.0083062341812274,52.37194834252464,82.13416336064684,41.06708168032342,1.9175381975567525
209,-6.1532746401808724,37.68198020380016,32.8244136775664,16.4122068387832,2.860210389860668
210,11.352737443682459,49.4484453952533,15.185020815711871,7.592510407855936,3.2693564458464857
211,-1.0814817052748253,37.822649218944115,74.66246776008897,37.331233880044486,1.6389048225229743
212,-4.250535288774076,36.6372148340835,89.46069555302422,44.73034777651211,2.9491143188566715
213,-2.8819293529658845,43.486799481413364,92.35320365605295,46.17660182802648,2.8418230380179663
214,-3.5758660936863347,45.335165732680736,18.33002170272484,9.16501085136242,1.4359811133585283
215,2.4034476342920708,41.27024002405589,31.86950095672788,15.934750478363938,1.3585241766647966
216,7.034129342711306,51.52257213172224,19.04112673621209,9.520563368106046,1.0276665747466764
217,-3.5861623906640028,45.30662077916755,90.40130376156802,45.20065188078401,0.7420715900927051
218,-4.532444796328132,38.1549085874613,35.071543189785224,17.535771594892612,1.7875078557847963
219,-0.5724528435508554,38.054953225891644,91.92222317998376,45.96111158999188,2.926976741731571
220,18.889813404022323,47.505132201752545,59.88239531009983,29.941197655049915,3.116717733207336
221,16.458186135494437,48.474965716542975,78.23291187402154,39.11645593701077,2.943575587230932
222,2.2126806042776055,48.981411866366244,46.92553966713903,23.462769833569517,1.9456417955546617
223,25.01225461574574,60.28526502702175,64.0110784998702,32.0055392499351,1.9927182630517737
224,9.98294821982279,53.35535466994518,43.1356551840244,21.5678275920122,1.666767027634844
225,13.194109529962882,38.17024052583383,25.08820559932929,12.544102799664644,0.2375327520231569
226,2.7157263266752056,39.46570679378351,16.411417305530218,8.205708652765109,1.3378949659844594
227,-1.2887166009505684,38.277941446925745,90.48734058500288,45.24367029250144,0.2275090365814218
228,2.283396195186568,41.42012633543805,87.02971167339065,43.514855836695325,2.266024427956651
229,9.124720644869521,45.56619255840225,76.94959360758233,38.474796803791165,1.2582931800171488
230,14.396632830784506,50.05316427736186,51.071736290016695,25.535868145008347,3.6046486825966464
231,25.054149461729896,60.318591453739316,73.92948573964149,36.964742869820746,0.1542289842359934
232,8.829651582203908,49.93337272125813,90.7992164508993,45.39960822544965,0.171696762435328
233,23.837097520023477,38.182461112904704,50.18096612306016,25.09048306153008,3.280089743479007
234,-3.85967569616739,40.27640428235521,36.37536839120543,18.187684195602717,3.255520567682544
235,13.502797354974536,51.13671884410238,11.540936626870526,5.770468313435263,2.8228401759584307
236,8.54684047114157,47.290390685567914,73.26950708240943,36.63475354120472,1.343910169361021
237,-3.8799374201784893,45.0470283880885,25.677970128485157,12.838985064242577,3.895274787383933
238,-3.8573828600508255,45.154241586760776,22.080552629186453,11.040276314593228,1.3820226254253378
239,13.426355131284549,37.854336010043546,86.09257401814584,43.04628700907292,3.557791635263466
240,16.570658957282074,48.39276474458745,15.59212544337798,7.79606272168899,1.8358794407282728
241,-4.351104798443537,36.488615670320605,50.8455029626496,25.4227514813248,2.91931054211707
242,12.426435156926917,51.56747616215586,74.8073085899033,37.40365429495165,0.7059975555562406
243,-3.6307593938940754,40.539710792733146,99.9818149211117,49.99090746055585,0.7890378972029506
244,7.490952116742424,51.665518201698355,33.89648795197842,16.94824397598921,2.3642615233359607
245,12.362557414519271,41.71083873540425,73.77443285762595,36.88721642881298,2.236695128406809
246,-0.8079118602313748,41.80412524435516,88.01405694179823,44.00702847089912,3.335926575506527
247,12.288031736030586,42.032602220660905,6.156259909609583,3.078129954804792,1.29131815019235
248,9.004981185398577,53.244897737012025,75.00105035967462,37.50052517983731,0.3907054697908965
249,-1.1803820332816415,37.85640767523501,26.721422343379825,13.360711171689912,2.7085645764456965
250,14.025046537398149,51.22071515361364,50.20348860643616,25.10174430321808,2.835081563764194
251,16.27829959461112,47.95676160390832,54.40773458038894,27.20386729019447,0.1226441933028716
252,-3.406006332455915,45.00756913496202,60.32037463994526,30.16018731997263,0.4298902710752181
253,25.192464862053665,59.91054222394517,6.990256580434394,3.495128290217197,1.6464620544550352
254,8.429218717762154,47.20958896234645,60.92070502773873,30.460352513869363,3.0129604783687074
255,-0.628601361319473,41.39440967842599,65.76411308155545,32.882056540777725,3.794161204515364
256,7.0195635970583075,51.722109988321165,51.58989130144614,25.79494565072307,0.7413943479175313
257,16.209184344082935,48.446221225686415,49.78844533865521,24.894222669327604,0.2723723969684264
258,-4.537200023141361,36.56053606020977,73.34196089037749,36.670980445188746,1.3999713745206757
259,9.038284018714526,45.32517199287608,17.0929324149071,8.54646620745355,2.103235812306892
260,10.714802830700515,59.92264647321387,64.53711521611496,32.26855760805748,2.9101744383629997
261,14.318098778388597,50.242451152815164,66.9518365100032,33.4759182550016,3.4129839046340518
262,7.224977074238371,51.36289990892112,30.23509201643749,15.117546008218746,0.0540348265068755
263,7.189469106470853,51.044570075568515,83.2531788422011,41.62658942110055,0.9310906887244484
264,10.910044471389337,59.7525365382606,72.9386089424092,36.4693044712046,2.23220494662905
265,8.651998366585174,49.98210771423956,5.504454523393441,2.7522272616967207,0.0454205140487702
266,14.30909253001931,40.6073182345731,9.852170616079396,4.926085308039697,3.862066556549893
267,9.115780840388032,45.746936344920464,5.063100766069427,2.531550383034713,3.7666711815590257
268,12.721657700052043,41.73830271605326,70.69327024399585,35.34663512199793,0.4356149553653048
269,-6.263547081889834,37.29368871131003,65.74896357503097,32.874481787515485,2.082711165930214
270,7.211352105261384,51.32539088774872,18.390960269750902,9.195480134875451,3.8693512081479287
271,7.370684759337277,51.22028981962659,9.076088088243026,4.538044044121513,2.803422597790951
272,8.947589617265118,53.22395025536431,38.65135807358996,19.32567903679498,0.4811093799178785
273,7.036736964466924,51.5713988897063,14.523915687205616,7.261957843602808,3.035938219009368
274,-3.903155025119829,45.16121040258627,63.43051196033414,31.71525598016707,2.2097562359665326
275,9.091738329362851,44.24063406378176,30.261034596995145,15.130517298497573,3.31258645286678
276,6.712503926492392,51.30599456786931,54.304042436711015,27.152021218355507,0.2642970554066877
277,4.099152555709139,50.57919912713611,24.265623912764543,12.132811956382271,1.6943505468572178
278,-0.6919358051398359,41.744601102850396,46.930543616586185,23.46527180829309,1.0511998252979562
279,-9.309202418456376,38.60178299430401,91.091984879792,45.545992439896,3.265457222079424
280,-3.00338283181969,43.36952691528405,96.42753201202603,48.213766006013024,0.4420891762106422
281,7.386906048107609,51.362216498240855,98.849471086685,49.42473554334249,2.4132919691629784
282,-0.8483698430964342,37.977844076351275,5.196140379570063,2.598070189785032,0.7956453386674385
283,12.471671099201814,55.837632861190365,65.64706004881012,32.82353002440506,1.1234379785289708
284,6.827487374460236,51.54444077063572,36.3168599702342,18.1584299851171,3.1670456847214834
285,-5.9878847994717095,53.43469699598228,26.01572213450127,13.007861067250635,2.734905789104185
286,-6.057583265644547,53.629312088903866,31.28172436987301,15.640862184936504,2.0253716772952166
287,16.384166640623263,48.05589965066197,7.334817309161776,3.667408654580888,2.53594768522363
288,-0.5078670298884448,38.613652128035405,81.02428234043474,40.51214117021737,3.8222735759216833
289,-3.768740595490844,40.35460294735184,14.879129607267144,7.439564803633572,2.5359266120295327
290,14.21098326038892,49.837128743246396,45.470226828608254,22.735113414304127,3.570828656995926
291,10.542848376383835,59.828952014478695,61.105611009553705,30.552805504776853,1.7421261621237338
292,4.21715631217507,50.92563558844618,33.41959623166253,16.709798115831266,1.5536164686764211
293,14.01485861976881,50.78214265406245,98.4661138197536,49.2330569098768,2.789321003320206
294,5.010206594594157,52.607324150732715,94.7394432501018,47.36972162505089,0.5421937324340256
295,11.289665838994956,48.09585013499422,68.14323072077167,34.071615360385834,1.6922177606644846
296,2.875730460723188,39.40046608033475,72.1528218949116,36.0764109474558,2.5981368967011877
297,6.668770423619131,51.56774711825168,82.534321465305,41.2671607326525,3.645803501403049
298,13.460091701245013,38.189881999020784,41.08992085967165,20.544960429835825,2.241802354839121
299,13.228771803652007,52.30280526513708,6.848934394383533,3.4244671971917664,1.5968895346316372
300,6.690240466210367,51.069492544174835,89.38517885168413,44.69258942584207,3.4412427133736783
301,-5.074486256537809,37.815122542186415,57.14068040293395,28.570340201466976,3.260900162865491
302,13.90665098562035,51.2016807593974,8.912080176171557,4.4560400880857785,3.265684124857423
303,9.372591414648273,48.85427408061341,64.58026758887654,32.29013379443827,2.009812297251589
304,-6.485417225788942,53.61418369926377,78.4596169763672,39.2298084881836,2.2707709953473763
305,12.443041639224802,55.5434754681782,99.3033643791053,49.65168218955265,0.4744620734630635
306,4.903465491087779,52.21289410662731,48.53016467706814,24.26508233853407,3.029626223286904
307,-9.400053957938963,38.62722069273187,22.65259108146959,11.326295540734796,0.4189444267251732
308,8.494050576512041,47.33916542775242,5.442209499532432,2.721104749766216,1.699415684806758
309,7.199511595153066,51.67548024956232,13.150487049384337,6.575243524692168,0.2507554480945622
310,13.414711023637658,38.110739256520205,96.6840224557071,48.34201122785355,0.60492089989634
311,8.575629298598479,53.25119983467748,59.08225739850796,29.54112869925398,2.0483228636951383
312,12.783942968012383,55.611585334343594,79.85199634061824,39.92599817030912,2.2211764298678385
313,-3.6074048962621896,40.465502286853116,61.84001708964528,30.92000854482264,0.4756677685840542
314,18.909489536923427,47.238747661367626,70.90596720772531,35.452983603862656,3.665361319346297
315,13.747130927886172,50.95015887365732,48.68814470247949,24.344072351239745,2.2944389878672617
316,2.3308933748605405,48.81127119984363,86.85114157292854,43.42557078646427,1.436388350921185
317,12.457900437294418,42.03398918045829,45.84969414471775,22.924847072358872,0.1429707300019349
318,9.553370201836957,52.34432081086238,79.68790744918077,39.84395372459039,2.9920911973730795
319,-6.546124845195936,53.54747286871315,81.07586691142494,40.53793345571247,2.1953853138646693
320,-9.415563762506382,38.770059921951194,7.029074879143089,3.5145374395715443,0.4092672635503769
321,-0.3825761402909362,38.45843330760856,18.27584899217072,9.13792449608536,1.3223852030368413
322,8.942503554420519,45.737755741049185,35.430997218529,17.7154986092645,3.7872286837780886
323,-0.36243200789104574,39.51257253377679,7.353060513728623,3.676530256864312,3.324124455981513
324,-0.5157313173412628,38.16341566943651,99.6267707459678,49.813385372983895,0.4009337496964922
325,-0.36084797612689407,51.508120774241945,46.35857930088992,23.17928965044496,3.1818261071052585
326,9.705678407267312,53.666987230339664,64.0083309187364,32.0041654593682,0.391240645916211
327,13.575129767059561,50.95364519025949,72.6276928348656,36.3138464174328,0.2149341894149414
328,-6.073676316560207,37.46454161813522,83.08087129874755,41.54043564937378,2.802114491271451
329,-0.12125969746840404,39.46533332475807,78.60102334828737,39.300511674143685,3.976932332883048
330,18.347131930754955,59.419327982534476,6.353893939278109,3.1769469696390544,1.3684155008151548
331,-3.687863869344099,40.22964247170991,96.2771902381544,48.1385951190772,0.2604858741952736
332,-5.6974457408097035,37.50451852744762,33.97943634447185,16.989718172235925,2.231949602438531
333,13.135984702681258,38.245154975856096,68.25778283943478,34.12889141971739,1.6035182545279412
334,10.720038893247859,59.70109247306052,27.564698108703222,13.782349054351611,1.0852244050338649
335,-8.876075558431184,38.97933033563483,71.80295652148811,35.90147826074406,3.797119600172568
336,-15.722968208352798,38.994798215513335,21.047981007133732,10.523990503566868,1.4962505000293027
337,-4.406208986413923,36.948349110526266,33.109737755803,16.554868877901498,1.2131676856786644
338,1.8942265282318624,41.54575116100746,59.87105855411813,29.935529277059064,0.3011091193309378
339,-8.963614818169452,38.83536125119552,77.82614980758504,38.91307490379252,2.754733705914722
340,11.242483381740739,43.63580868976268,32.279507724201295,16.139753862100648,2.193025127768352
341,10.903425588029608,49.40196280421479,95.9027040650364,47.9513520325182,1.1119597791818636
342,14.194950597255575,50.09396730519447,60.12259773202871,30.061298866014354,3.099519117389608
343,10.728839191556263,59.812701715753995,19.003009738755964,9.501504869377982,3.025148926004463
344,11.445048618689688,48.07882510731544,25.886773780952662,12.943386890476331,1.097182815371006
345,-3.54074417946303,44.7993889853121,87.96534565068085,43.98267282534042,1.77791582140908
346,0.12075582289424089,51.34031151978169,66.32670798505193,33.16335399252596,1.3794263464909924
347,14.483154991116162,40.606271612109055,20.97350121216793,10.486750606083966,2.224532717801896
348,12.330688882746804,51.125007666745965,96.74475640812666,48.37237820406333,2.480503522272966
349,23.96944017235697,37.869827418044856,89.29189936734267,44.64594968367133,3.06027979663256
350,-5.920378178951116,37.55593892761123,24.120342747282216,12.060171373641108,1.9485925076694983
351,12.253073831976657,41.914100934199816,16.24319623184956,8.12159811592478,0.1007611571620246
352,13.872966099533649,51.24891952941959,24.018039379803337,12.009019689901669,2.6946130783385414
353,-1.0673184707210677,38.11398772755568,29.66202218227385,14.831011091136928,0.2403118572530318
354,-1.0877530720551618,41.36961506919168,23.35744778508283,11.678723892541417,2.741868583652468
355,-0.4172999364995629,39.33919778307706,17.746495617437326,8.873247808718663,1.266164483832536
356,16.13987706451914,47.953081213498734,76.30098207607955,38.150491038039775,3.9920911510324015
357,-6.118890499254848,53.18390800013753,42.67796065197614,21.33898032598807,0.4267297872108537
358,11.155104218479574,43.49613454888239,51.87366141747192,25.93683070873596,2.6281747076656927
359,2.8359718316372606,39.671306848441624,89.05265811844109,44.526329059220544,2.8079103806647887
360,10.544279364040701,59.9963694770216,42.71629834387517,21.358149171937587,2.8176061576046947
361,8.669438745260644,50.117882302462064,91.25035346350968,45.625176731754834,2.8362032392621783
362,8.545405914418286,53.01881725100648,84.3863735704302,42.1931867852151,1.9338359926840931
363,10.479624234774285,60.20372379500076,30.797354065354234,15.398677032677115,2.430181439163177
364,7.018638610689161,51.01572611471709,94.0779939266334,47.0389969633167,1.220754810772116
365,13.28875289911837,38.03557656169912,48.57867441828275,24.289337209141376,3.2698130544726647
366,-4.68596407416297,38.15309872773092,35.384219491399655,17.692109745699828,0.7858039672838157
367,-4.429140859846218,36.67242412053006,6.544014924350119,3.2720074621750594,2.571213501234048
368,13.744372928531678,51.01373050069662,35.5399284311495,17.76996421557475,1.896739249054487
369,-0.23680155818838883,39.60393914921346,72.7247687563961,36.36238437819805,3.3219053804838383
370,23.66032337280045,37.769408738048256,8.6142447458305,4.30712237291525,3.8261764187529694
371,-9.176036145970725,38.69967379276495,55.49195644147424,27.74597822073712,3.208274095582456
372,4.496961036950752,50.72810155897767,40.93544262498761,20.467721312493804,2.631448534905713
373,6.792573106614767,51.58239072076143,98.41111217976476,49.20555608988238,0.1217060613480236
374,-4.690892803354788,36.906820744147275,9.02458447368711,4.512292236843555,0.910963973389146
375,9.265423594376093,48.818787765532875,26.07328289844963,13.036641449224817,1.975781022648805
376,-0.5153015022605015,38.047189181847706,80.81750687681976,40.40875343840988,2.203975880741945
377,8.672846698816015,44.38465420699942,9.323517826446196,4.661758913223098,0.7919311997591794
378,-0.7454324656140796,41.88436851908415,78.33343240385119,39.1667162019256,1.652344503615545
379,10.9628976610323,43.994453139038825,35.139718738748364,17.569859369374182,3.917080960143274
380,-6.469917450941813,53.604854053234625,57.81408043681764,28.90704021840882,2.9664124286092948
381,-0.8077279192491162,41.3769172731599,19.28322690278018,9.64161345139009,2.233133696676994
382,2.3396513829231824,41.14373980739107,14.983995953654924,7.491997976827462,3.930295554723651
383,4.215573357286191,50.773919385386534,51.64180662634507,25.820903313172536,2.870238000850104
384,12.811983176876863,55.687114252899704,80.98721638031954,40.49360819015977,1.243721521376358
385,2.9235969681107905,39.28314383626987,18.151499929613387,9.075749964806691,0.7759631904007893
386,19.134594292574285,47.72768097248806,86.94312872948902,43.47156436474451,2.345109286082472
387,-4.312482007132346,36.5859964462219,81.46345261265269,40.73172630632634,3.993419508397078
388,14.524353875012403,41.098921781987116,17.112393768148905,8.556196884074453,3.3625636328019115
389,-6.0981341099107995,53.35382376847929,92.375108173271,46.1875540866355,3.8430658937804023
390,-5.726450871971074,37.470556407345875,9.033176428924635,4.516588214462319,2.0579213643581915
391,8.94406095076859,50.33895634187546,11.516699301619012,5.758349650809507,0.915630398897576
392,6.712919864084132,51.13623319854914,61.138038925689074,30.569019462844537,2.889566074792945
393,9.20735359857369,45.52508388831333,6.870706058751853,3.4353530293759267,0.1634994403760732
394,-3.888703218426019,40.391245946271056,64.68981388552166,32.34490694276083,3.079156082711339
395,12.444904587966159,55.454920661410675,73.43033026875393,36.71516513437697,3.9160436760032913
396,9.458806999782928,48.868781570116255,60.87497869666132,30.437489348330654,0.1370681614089179
397,21.217127131638787,52.29883160444948,75.33298368000123,37.66649184000062,3.2840607804972355
398,13.434006767670807,52.45037513642382,14.382189245102728,7.191094622551364,2.9944240233183117
399,-5.887049804418817,37.09754861096182,91.96372664092104,45.981863320460526,0.5863349446042267
400,1.938236367760457,41.444049300016594,34.00036594024246,17.00018297012123,3.772249042411117
401,-0.7656799098968982,38.28261824476995,67.39964296043841,33.69982148021921,0.4259812550842414
402,-0.5336883173614769,39.45601416499733,70.02736191978643,35.013680959893215,1.669332568250383
403,9.356467095331805,45.503799847039424,61.0226227093277,30.51131135466385,3.5262690802899823
404,-0.9695427788973761,38.078834205382115,22.254127491340387,11.127063745670194,0.448897263313154
405,13.458763139559052,37.83548762724664,53.12050984914927,26.560254924574632,2.5178449080366088
406,6.756278021635715,51.54418189212808,98.96340153683012,49.48170076841506,2.6514259142284797
407,12.602602827529939,55.80229454532611,34.21554372577764,17.107771862888818,3.502769080939692
408,10.798046275272728,60.17117625640862,31.0045997919041,15.50229989595205,1.8483901185097995
409,-3.536508093018251,45.017803256336286,68.9359627143098,34.4679813571549,3.207263468238778
410,8.510300566334577,47.23698125499254,54.39857404556443,27.19928702278221,1.8072280723379224
411,7.216098703472801,51.00109741594044,80.9005505807771,40.45027529038855,0.3119712715032983
412,6.80532321045954,50.733180651033926,27.41718659794915,13.708593298974575,0.6123875873428912
413,-0.7211942137453378,41.48882103323761,68.8105364730311,34.40526823651555,1.881285129344164
414,2.4805499319662565,39.69977306074444,77.49832187420533,38.749160937102666,3.480728714028594
415,-4.900342851436681,37.8896588080128,61.63752244402815,30.818761222014075,1.7152390806413718
416,4.068506549182858,50.64465663493124,43.04462247794273,21.52231123897137,2.7813858725581198
417,-15.61487329683984,39.085285055129944,85.86385481292538,42.93192740646269,3.084309387260752
418,-5.835470489049046,37.16050797187791,92.97251812970563,46.48625906485282,3.272308900695445
419,4.35584338219989,50.58501090542791,9.203937274950611,4.601968637475306,1.7250313873675929
420,0.10073274675824692,51.58795736282037,86.00545554551559,43.002727772757794,0.1311036051734535
421,12.537593884821415,51.45917072718773,22.929560041141656,11.464780020570828,3.2119015134553512
422,-0.45347442485966477,38.52625164281189,98.37801540960628,49.18900770480314,0.576234164363369
423,11.590255313720387,48.16420297273363,20.502262023841467,10.251131011920734,2.784876801002475
424,13.924826314116034,50.9650159071202,44.92218596490209,22.46109298245105,2.9138958621640594
425,2.6093845002005263,39.85880163398612,85.72053826001289,42.86026913000645,0.1317817941249295
426,-6.343495020025657,53.32618582322207,44.51556488982905,22.257782444914525,0.9250198119187538
427,-0.14274650104536069,39.35970177778202,32.9471835877784,16.4735917938892,1.415616440719143
428,9.201989210991615,45.66323506495735,19.70986682314978,9.85493341157489,0.8165771020549042
429,-2.791992533977173,43.10324202382814,24.6128840683999,12.30644203419995,3.19010544347176
430,12.520692999376074,45.30103545124674,15.978324792029827,7.989162396014914,0.8691158893513253
431,2.192699556262928,41.55683053156337,32.20130695297766,16.10065347648883,0.6669663204454506
432,-3.564509375863288,40.3489563348359,15.41989090073106,7.70994545036553,1.2867904738544889
433,10.219589976587757,53.630932687228054,41.891650815073,20.9458254075365,0.3764897443420678
434,16.35521878394877,48.44496504890192,82.75010540726979,41.37505270363489,0.321794062149602
435,21.04496035347957,52.16129145729374,27.60739157879036,13.803695789395178,3.0477060457983964
436,12.076339843307498,51.12626990084705,15.19359799397293,7.596798996986465,0.0362399980895395
437,13.30627441116844,38.12903296693734,63.53738410851615,31.768692054258075,1.5370927009692736
438,2.8747971781399726,39.35388142898163,19.670415342187027,9.835207671093514,1.2507593739441405
439,-0.9878113729107056,41.3992279306082,24.71370973640001,12.356854868200005,3.1538735480977653
440,-4.710789061835833,36.58915150722892,20.72683321564427,10.363416607822137,2.663839674776228
441,-3.9382574454768857,44.83344450700598,71.56016774085157,35.780083870425784,3.367262957620341
442,7.202061562856013,51.654931879861415,64.07882718246469,32.039413591232346,2.114966046797792
443,13.596912112196781,50.932723257063984,21.929090719230476,10.964545359615236,0.6846881926206341
444,12.173487336517761,45.58382940872229,12.04182920173729,6.020914600868645,3.3778819696749376
445,12.382967765504517,41.762716900961436,98.03583104011506,49.01791552005753,0.2904002661904212
446,8.68755872142168,50.006776210976426,40.01689739463966,20.00844869731983,0.8771175408122702
447,1.897627926556376,41.3639526166156,84.80158628485141,42.400793142425705,2.646310592919336
448,-5.967024424173061,37.53980238419632,64.63679303548304,32.31839651774152,3.619929278313366
449,25.163626987869566,59.906325576670596,84.47198215882379,42.235991079411896,1.1122009532048884
450,-6.19019291252635,53.20250386333572,96.97941715359832,48.48970857679917,0.9047852033680256
451,-0.09935401673677127,51.48609168972635,52.73839271213144,26.36919635606572,0.1134517369203003
452,-3.6707983134613063,44.79239610939752,71.94955846958366,35.97477923479183,2.491873291913217
453,21.05469295182436,52.36235095180156,83.30531462180672,41.65265731090336,2.430967389543404
454,18.07963426139843,59.23489987630782,62.59488109152144,31.29744054576072,3.956352301427415
455,13.713082866621102,50.9438366159156,19.444467379220093,9.722233689610048,3.1362344578686163
456,11.024345955269998,59.93481083098217,88.11002438423719,44.0550121921186,2.2226505010896296
457,9.96241537131815,52.50602591844978,34.80103013212012,17.40051506606006,2.049633928099359
458,11.497427953642926,48.09518134129683,85.2110663283681,42.60553316418405,1.2618606286682237
459,-5.891351134338151,37.64538442137379,91.3638119177135,45.68190595885675,0.7494436057052911
460,-0.6748735429157658,38.229806196560794,21.651174358493567,10.825587179246783,0.8078657136968128
461,13.646668884222365,37.93453599479743,51.60216020542361,25.801080102711804,2.4387458605884853
462,21.116545774179272,52.14616220784771,15.64682868311694,7.82341434155847,1.2856877011026588
463,9.12860642158811,44.47202300631637,93.3620044131512,46.681002206575606,0.7250706485913696
464,9.162718879572177,48.488371839823884,94.92292317703016,47.46146158851508,0.5325927661430727
465,-4.281959895839297,36.76234971732915,50.67043273022512,25.33521636511256,1.8183594689219311
466,20.789385023050254,52.178066556237816,48.14570049309782,24.07285024654891,3.460845851642517
467,8.975272656026606,52.91393855505487,87.65948007797007,43.82974003898504,2.4326863427071177
468,-4.780343279537336,37.93346473480374,44.24780331936266,22.12390165968133,2.091297131695391
469,9.935664862158319,53.41122464340876,62.0175202782368,31.0087601391184,0.9000063787086483
470,-6.502868313827211,53.55595766514707,14.959249689058831,7.479624844529416,0.3341223542212681
471,9.094436004676043,44.2511849833311,18.386427595395705,9.193213797697853,3.450664231731012
472,2.2811178570633923,41.268899678392515,82.58894026783967,41.29447013391984,2.4287225605207685
473,-0.36257555223353516,39.18780706798186,15.711393440847544,7.855696720423771,2.23364010618352
474,6.543255600493599,51.25372582382326,7.500526851988695,3.750263425994348,2.875515661085698
475,-3.4709220311421105,45.15986236319379,53.67316883728182,26.83658441864091,1.832083852355212
476,-0.22878514645353032,38.6318932060336,92.67685761008612,46.33842880504306,2.4681408425645
477,6.542024457338815,51.66622991971184,11.49195585669052,5.74597792834526,2.0033127600064877
478,8.92595204041133,52.9674577238636,38.8131173655185,19.40655868275925,1.2589310880019031
479,-2.9797155048830177,43.34906928850146,30.53119177228987,15.265595886144936,0.5190504902735253
480,-4.704455054247404,37.71609273763068,22.68236580163523,11.341182900817614,0.0369919768947974
481,10.580324873828953,59.7856275259223,13.782577123462412,6.891288561731207,3.3716844485099413
482,14.47632407055479,41.11062372892465,9.036512782625026,4.518256391312513,0.470183763024254
483,18.36428266967052,59.24770052027945,19.06367453138739,9.531837265693696,3.295960376010782
484,10.0288626521839,53.718123508707215,66.21772839030396,33.10886419515198,0.2415179281023856
485,7.230022948350155,51.43007486447375,20.22469241297653,10.112346206488263,2.918445532141411
486,-0.2747222015363191,51.74444088558617,5.589324397389773,2.7946621986948865,0.0371378020237083
487,18.365749853285088,59.14307787411897,66.20836960923319,33.104184804616594,2.857199385174974
488,-1.1887309317279637,41.76694888772432,17.00491490640733,8.502457453203665,3.507282481602523
489,11.128570960398424,49.435968789330126,33.28368001778403,16.641840008892014,0.9080710871842316
490,8.503375845737809,47.13493933362927,79.18409253966225,39.59204626983112,0.6652984548785548
491,12.249668122376534,42.094760087442246,19.39117074158832,9.69558537079416,0.6482919401198619
492,-3.44259207049564,45.067972830021304,94.4367327099746,47.2183663549873,0.3024426922603376
493,2.2745452989668906,41.33420286659253,5.454801597911356,2.727400798955678,2.2150642948243062
494,6.9504995817688275,50.76166654962689,71.32105569215545,35.66052784607773,0.7053316298579566
495,17.839882944924607,59.52086678130519,33.307175094908345,16.653587547454173,2.8369350558031625
496,-9.076875432752113,38.642225032824626,40.68091343383863,20.340456716919316,1.4364260306132004
497,14.382292864589171,50.27322653493967,21.453357441715823,10.726678720857912,3.5007984393452736
498,23.7063002209907,37.85706203206886,44.37169295302095,22.185846476510477,3.165126208929975
499,2.528639653359407,39.49660837762273,66.16708348864668,33.08354174432334,2.007092522799781
500,11.70463845829993,48.120644151032145,54.6998190492472,27.3499095246236,1.0020823456687142
501,12.489103452979972,55.894453229131415,59.841981381583295,29.920990690791648,0.6787124622962795
502,13.459508987077891,38.082104903484456,45.54785393550138,22.77392696775069,1.0724370596501562
503,-3.5953352249293,40.66276150088428,7.397023592342533,3.6985117961712666,1.0862011600259027
504,-15.205983336921319,38.85990568406542,50.11281156783085,25.056405783915427,3.616203277741127
505,16.18839420115419,48.061093192724584,37.15887681316355,18.579438406581776,2.30998475226049
506,24.82531323497875,59.88653439393208,30.45892483791991,15.229462418959956,0.247556675371583
507,12.527619239495547,41.913472428337464,59.29726856460876,29.64863428230438,3.9342216726848815
508,8.555199503890318,53.11227918541497,79.01554443183876,39.50777221591938,3.220509940831352
509,8.61393503417446,47.626119007150464,97.99141319719033,48.99570659859516,1.5847382399812822
510,13.238178089696602,37.94218770136165,43.93645774119718,21.96822887059859,2.890000350039688
511,-0.33186955167073245,51.231943256310146,70.24441992611246,35.12220996305623,1.1503015314302858
512,-2.779012122198902,43.11847227998725,97.60357013849335,48.80178506924669,0.197141036294234
513,11.3567872376833,48.392626907151325,76.9932902306346,38.4966451153173,0.0002947977324243
514,7.175401202405073,51.7304418636469,55.57192673524562,27.78596336762281,0.4598085985484594
515,16.309890252100864,48.13294467887698,58.97541319719024,29.48770659859512,2.671908289840871
516,13.18065797789104,52.24292797714519,42.24206314399116,21.12103157199558,0.5759061363815268
517,9.609882995462007,52.30054241065446,43.824352758195104,21.912176379097552,2.0737292397706777
518,16.143882721517056,47.9683678613508,7.583790468752424,3.791895234376212,1.2700147967467417
519,-0.946051345868922,41.89785790668955,70.79268955199707,35.396344775998536,3.2787592222981408
520,-0.6870118062599124,41.7745898766519,85.80965998090176,42.90482999045088,2.299961309096457
521,9.028812441024238,45.17056396286924,96.98011827646796,48.49005913823398,1.1812292893432557
522,7.2585944225202645,50.74260037145718,42.56401848727096,21.28200924363548,0.922378546634886
523,12.404263295606393,45.19770924431973,32.79423046002209,16.397115230011046,0.9839624238263468
524,-4.534648152753956,36.623729359097744,49.971643931458026,24.985821965729013,3.336705026224948
525,10.762269303802984,59.653715643251346,62.99652482690303,31.498262413451517,2.1825156982939418
526,11.392394184275766,48.21144537045399,75.29489299460178,37.64744649730089,3.867823791866933
527,-2.928636395769729,43.558248491974396,9.166930827806343,4.583465413903172,0.7368172260753085
528,-0.8317527305436191,41.730204705950115,76.70446985367363,38.352234926836815,2.1435319251044467
529,11.371626714193392,44.001694966485196,26.923524422159996,13.461762211079996,1.3036957592859966
530,6.6602003780480885,51.678004289906795,7.780739309599193,3.890369654799597,1.7398208761075118
531,-5.069100560331396,38.10389249530134,36.563647062060966,18.281823531030483,3.9581003317801087
532,9.0102834572003,45.25115332939535,14.6918554795617,7.34592773978085,3.1513977797856847
533,8.968885516750808,53.19787028283525,25.64118485266079,12.820592426330396,0.4596973999529279
534,9.157696285352802,44.605189058932616,21.72986459000213,10.864932295001063,1.2792293415842884
535,11.419789062132693,48.077693158951256,9.355783734716692,4.677891867358346,1.8555786986372689
536,4.213530455669058,50.872711175155715,59.38277072487281,29.691385362436407,0.8991093135706585
537,14.021469362125995,41.06829282304997,72.75837123886427,36.379185619432135,3.92745686805321
538,24.769232867571084,60.08135351160515,5.691696324406877,2.8458481622034384,0.1336291704604804
539,11.028014934341453,49.3730013547847,28.58627386687152,14.29313693343576,1.1117414288358345
540,-0.47711858425428405,39.55816487067527,59.07361736193973,29.536808680969862,3.1561438902373338
541,17.89493185512977,59.158242741964635,44.39119417161432,22.19559708580716,1.6850935852656432
542,8.948994608973866,50.292153208114385,12.644382478018183,6.322191239009092,2.168747816369873
543,11.11810211732868,43.92845551790369,6.297263613917794,3.148631806958897,2.448723492282232
544,-3.4380145221586385,45.32777915373549,97.49594423437055,48.74797211718528,3.438146508086845
545,9.519556978768366,52.32522228140745,59.13785437490685,29.568927187453426,1.1786009678181868
546,6.691534606612205,51.22916477127073,56.19331541050543,28.096657705252717,0.4583526787024228
547,-0.9894013543261664,37.76807513980447,95.81166938446944,47.90583469223471,2.340204041695478
548,-9.013298789118124,38.435519817009784,66.76903190419176,33.38451595209588,2.0236319364723547
549,-0.08010400348957883,51.43859344146453,7.684384882316893,3.8421924411584474,0.4552327920942862
550,13.645887779623926,51.327087676383094,37.266847265990805,18.6334236329954,2.551874178962804
551,12.516038710441805,55.677870245295885,55.498933613027866,27.749466806513933,2.5805541342866403
552,14.656937226928719,49.78831753874305,63.364913617989856,31.682456808994928,0.2714232708151018
553,-3.937229723643705,44.899049131164695,81.12097488669258,40.56048744334629,0.2011642525895562
554,-3.444918212026693,45.045284096770104,30.362710375416047,15.181355187708023,3.1658149198437178
555,8.704144074423155,50.060673749105916,6.005645260707375,3.002822630353688,3.85971177178212
556,8.697742703516838,53.23224105833933,8.927905370072885,4.463952685036443,2.1207974520476087
557,-0.9109671026070572,41.83240687062707,60.54297206949268,30.27148603474634,1.2141954026148287
558,5.117168713107256,52.60925081182399,51.71948338537981,25.859741692689905,0.5244649158685823
559,-5.815311795644143,37.47547098010015,16.736935068531388,8.368467534265694,1.8521775260851652
560,-1.1636572361705808,41.877429294127765,11.885022803641332,5.942511401820666,0.0219792712366508
561,2.6279900630156274,49.083270405311005,78.7912185594437,39.39560927972185,3.8680220957214666
562,24.720468861624045,60.30899041001702,99.51568119853152,49.75784059926576,2.9826663355000576
563,6.825404080412055,51.647723696616666,35.70544411349937,17.852722056749684,3.653568633828628
564,-15.469361151818315,38.98730476723524,71.15075008264802,35.57537504132401,1.4652974833230186
565,9.149508431044723,44.31510464232381,72.8351095820192,36.4175547910096,2.0662237643967845
566,17.805904864596112,59.3127321537773,43.59588720608129,21.797943603040643,3.852375560847709
567,2.8894296620508286,39.412088468860475,36.68320258914235,18.341601294571173,2.289268063834502
568,-1.338733636077451,38.26782498039172,31.56948577192592,15.78474288596296,2.3267193725914472
569,13.30407377034882,52.32257700000574,82.96975489915862,41.48487744957931,3.6955132100454446
570,24.87772225911567,60.002373683851,81.10057754760243,40.55028877380121,2.073465641548656
571,25.096348667278377,60.14993644703021,60.585364529075626,30.292682264537813,3.6062512789584416
572,12.301115426067547,55.899652588005765,55.77104267570916,27.88552133785458,0.0627044641996557
573,2.893586365902903,39.559036391086536,51.40114335390413,25.700571676952062,3.9206361497639697
574,-3.547881772074006,40.440090528716794,83.05883377080897,41.52941688540449,2.191626797432125
575,12.521394021379278,55.4446071156151,68.78561688193392,34.39280844096696,1.6896299790746585
576,12.28692018227943,55.77021375226629,90.25616603927966,45.12808301963983,1.6755697060736598
577,-3.860538765413014,45.02823963775323,63.97994843203527,31.98997421601764,3.3319539042225714
578,4.803256336037698,52.383670511991,98.19304307603754,49.09652153801877,0.9833972076513348
579,4.294648019890163,50.94867750799229,50.48340049768227,25.24170024884113,0.9757632754675658
580,12.402784642561802,51.09241563028403,99.0930643893411,49.54653219467055,3.3814941484288155
581,7.266991645112349,51.315939459687634,32.214140083687425,16.107070041843713,2.00636588376307
582,0.044440967270239246,51.534337015733215,52.55105858629791,26.27552929314896,0.9381996082681234
583,10.001885417237654,53.748130679299074,99.10122342251285,49.55061171125642,2.2859897858498224
584,18.200173907949313,59.040054207963415,39.78116725706,19.89058362853,3.570559212189286
585,-3.961098688594008,40.59170601953031,64.41467298336102,32.20733649168051,2.4911559764169007
586,19.154775630342495,47.615754763201906,18.48871516540006,9.24435758270003,1.037495274107998
587,17.93402157061302,59.061894670353425,11.632358781171018,5.816179390585509,0.9059651117640866
588,-4.866271597825569,37.99119308750591,88.28477976118957,44.142389880594784,1.2970915021680445
589,8.33638910800254,47.385956747786665,47.73684572121999,23.868422860609996,0.9085152675972944
590,-5.91509911444453,37.525039637493364,30.96822224029615,15.484111120148077,1.5223314716811385
591,2.799244011427773,39.780244636221624,99.62954182861762,49.81477091430881,0.9288390206543692
592,13.628290878758696,50.9994242756309,39.30577648115248,19.65288824057624,0.4032180675784822
593,4.797464556289493,52.52844282052628,33.36603554541266,16.68301777270633,1.4877391193962757
594,-6.149848609185698,37.55524868531721,54.09017790771459,27.04508895385729,3.1087709136137622
595,13.630744896167705,37.8484527788797,16.2324322299073,8.11621611495365,0.93447258007832
596,16.630812226281577,48.3645592932024,41.25573543761296,20.62786771880648,3.7892343273329634
597,24.93059685885911,60.2640456726163,82.08104337653124,41.04052168826562,3.262470345746647
598,-0.1166400434618172,51.66253869419351,52.02230384407892,26.01115192203946,0.744846380746893
599,9.164426164636147,48.600935804041086,75.16626101807941,37.583130509039705,2.1063370399913515
600,11.023976669040186,59.73069431691806,8.002517067938529,4.001258533969264,2.273676171464864
601,-3.1624867352841792,43.51791099989227,7.207479537341864,3.603739768670932,2.124415083874516
602,13.97920906281817,40.86268004337136,60.81140984951372,30.405704924756854,3.09041657453121
603,-15.68160156766169,39.04775441002141,43.65990802580099,21.82995401290049,0.178038508594482
604,1.9679066349873535,41.31492632361299,25.442345028004937,12.721172514002468,1.3564736561381143
605,2.748722197864089,39.83392418568,38.4786764008913,19.23933820044565,3.576690061171888
606,6.958539289653636,51.52009722562275,10.827825922341065,5.4139129611705314,1.8510449178773647
607,13.60887063688443,38.29893692440924,95.29617342358948,47.64808671179474,0.1404294833085826
608,2.1939232671086932,48.66839285852122,39.09184998531556,19.545924992657778,3.635506204891221
609,10.668063629322031,59.90589697253372,14.187569908242056,7.093784954121028,2.627755847600576
610,10.96668872464133,43.89222517222494,69.90322577399071,34.95161288699536,3.284950403796444
611,-0.26946941338334496,38.313319386279964,73.31231723772781,36.65615861886391,2.2382821364791368
612,13.336115030553398,52.58604710083692,62.044749107836125,31.022374553918063,1.5260888282833291
613,-0.1706599928105206,51.56766975246246,59.77653234953485,29.888266174767423,1.7062855988047776
614,4.619384819760149,50.806818888705386,12.48622422939874,6.24311211469937,2.9946228839325584
615,12.247046788186385,41.93140535681516,7.506986512768356,3.753493256384178,3.808439165589608
616,12.2458532531083,51.48918423514849,6.617835000698714,3.308917500349357,1.5119058959315064
617,12.698356109421294,42.0118869635477,20.293846824774818,10.146923412387409,1.8423869946180025
618,13.543394929959819,50.75612574656017,7.338380162833333,3.6691900814166662,2.479088337103911
619,9.437582019115938,52.099947462932654,43.27630224952984,21.63815112476492,2.2340923897289797
620,8.548283132683055,52.822520829016874,53.56429894976556,26.78214947488278,3.1756335323950404
621,9.21091059067453,45.57971780680221,75.490883885427,37.7454419427135,3.588583487127782
622,18.78135687038234,47.66014466698953,70.98803582455626,35.49401791227813,0.1730827057687847
623,2.7203386319359666,39.58948927826932,68.67269943714294,34.33634971857147,1.886656264819796
624,12.356693233761831,55.958946607669525,23.1992462812144,11.599623140607198,2.648696937145802
625,8.257180706515278,47.247854882209445,77.0274296399184,38.5137148199592,2.5353004526208944
626,-5.77668007945089,37.54013587054783,19.656388877510334,9.828194438755167,1.2484840611267995
627,10.888742386646024,49.302286626336354,74.64538386544584,37.32269193272292,2.6787396034213358
628,2.7862348273112025,39.634591446073316,95.87429780659814,47.93714890329907,2.126423272434578
629,6.55587358906677,51.58436805192541,31.937982934747367,15.968991467373684,1.1445904159864169
630,19.23629976302403,47.290288898474294,90.68274509978518,45.34137254989259,3.4335925361867434
631,9.436673911541591,52.13392720212448,94.21244387197436,47.10622193598719,0.8894938769312404
632,10.943513746192355,49.377365267268964,23.16420871665765,11.582104358328827,2.416107733438039
633,7.189461359412067,51.42842247458584,87.61213451993252,43.80606725996626,3.973620883290988
634,6.807314547389106,51.60055682415443,84.22379359813975,42.11189679906988,0.4815495766640065
635,-0.642939841698315,38.135577786803495,21.916259194293247,10.958129597146623,3.891734469120856
636,2.921636914302597,39.35860130985937,88.46645256487044,44.23322628243522,2.0267553756592824
637,8.73628587904012,44.128090312590594,38.55530787058605,19.277653935293024,3.9322674755673552
638,-3.4772288094111103,40.206174721609145,38.84405186610044,19.42202593305022,3.0285191112362626
639,2.744934524076742,39.48711630620296,49.719554720747,24.8597773603735,0.0586632838882832
640,-0.307632692503803,38.075040555041355,28.508432677773847,14.254216338886923,1.2600983084586272
641,8.693294544567099,53.24476822270521,13.516035229380014,6.758017614690007,1.6844430355523232
642,14.02233080622656,41.09807869102776,48.16669831949411,24.08334915974705,3.9050935869564727
643,9.503216214965818,52.3897402770747,88.84566750456341,44.4228337522817,0.3208266493203142
644,7.035232350459071,51.34804029493472,39.759753808908734,19.879876904454367,2.9733609025946586
645,-3.703961147265164,44.89993971747621,73.28749254856648,36.64374627428324,3.771357784844065
646,11.398362455930219,43.776494927831216,35.676175102019926,17.838087551009963,1.3829833803594584
647,7.4732146275999085,51.45033403096997,14.80905596326758,7.40452798163379,2.0763957573274543
648,6.892514794332112,51.658176759196756,10.875254406212846,5.437627203106423,1.7987777212372351
649,16.574362351255992,48.42428545755184,79.46448563001017,39.73224281500509,2.8597295956781026
650,12.798908665754173,55.46418847444932,80.29274089639237,40.14637044819619,3.093328881479548
651,5.0571057487062445,52.33252765955747,73.02227248393982,36.51113624196991,3.448665068168109
652,9.605730593165303,52.27223051496307,96.68605086734964,48.34302543367482,3.186049022955014
653,17.818113700410475,59.065785562448205,85.29760962033352,42.64880481016676,1.8217455578576187
654,11.456649304360914,43.74029272219429,87.8369976342639,43.91849881713195,1.7931285875777818
655,13.68669400225246,50.91861323864514,99.60385032408288,49.80192516204144,3.2689943361620477
656,13.565749183347705,38.159576272549536,82.29025975685089,41.14512987842544,1.9945574109601616
657,20.985614270982918,52.115020245713396,85.41048557799215,42.70524278899608,0.2327056095068456
658,-2.8943117736224453,43.44461983162475,67.77586322864636,33.88793161432318,3.0585320438354
659,-4.121585886002297,36.963292006951335,43.90504899423528,21.95252449711764,0.3074919750095191
660,-2.659099778261107,43.51574729396606,80.54901716129777,40.274508580648885,1.559145691148475
661,-9.24103706557372,38.88978886398997,56.39933195772168,28.19966597886084,1.202907623138561
662,8.929559317720983,50.13331741194344,96.58193709121996,48.29096854560999,2.647794928694126
663,7.135240864169694,51.33890280353784,99.71940269948452,49.85970134974227,0.8820223128631741
664,13.634942875464388,51.03134786056055,93.16966838476232,46.58483419238116,2.6080514386744564
665,-4.801787279696811,37.93933096541264,35.19792049342279,17.598960246711396,2.456700009455365
666,7.278690794177804,51.67864010923986,67.37748447243874,33.68874223621937,1.4953622770368482
667,13.470636890103039,38.10089859210572,53.285780629388654,26.642890314694327,3.149865916723585
668,-0.3724604753495919,51.57621371782305,80.3377233835356,40.1688616917678,3.3057216212599143
669,10.1128500109016,53.66253365254339,60.10762509730623,30.05381254865312,2.774366963182414
670,25.17155721616407,60.386417324815945,32.39312021844178,16.19656010922089,1.1654461145039678
671,9.679510382534838,52.142990858540166,24.318879286611786,12.159439643305893,2.28018751237107
672,13.720808100642893,51.071237242681434,46.26631386603206,23.13315693301603,2.301586446643572
673,12.045815396933076,45.25628501105485,5.564181599891624,2.782090799945812,1.738530097564202
674,10.501894908859175,59.86368916234788,78.71605197872917,39.358025989364585,0.3045806488061209
675,8.694213359294766,53.05197162818933,75.14823189646461,37.574115948232304,2.352807108315341
676,-0.23265632740292735,39.75597048093837,17.947771834276143,8.973885917138071,2.74516424148432
677,-15.536839449042285,39.11771765764939,56.85609534840783,28.428047674203917,3.756382838198156
678,23.65098087628412,38.27037556173276,19.641131090845377,9.820565545422689,0.9799608396198018
679,10.851933511880345,60.03428175094366,27.097178358423005,13.548589179211502,1.95690199724375
680,7.104376676291871,51.697933510444,81.33680301670252,40.66840150835126,1.8867722795025277
681,-4.768364233395849,37.68245788451257,55.536897686950965,27.768448843475483,3.296419104252782
682,-0.3134363932142256,51.2816414382645,62.86253502339309,31.431267511696547,0.7390982993491493
683,-0.5271514088177989,38.27120391571764,94.90947334623328,47.45473667311664,1.872885976872543
684,16.350975439697887,48.299397087571855,46.096681091447145,23.048340545723573,2.639216117563087
685,11.09064517579609,49.5469004541321,84.42167036340756,42.21083518170378,2.584724102393309
686,2.2164326730633173,48.55721805694239,90.92607748908549,45.46303874454274,1.1480808853639377
687,8.478564721340323,47.4451635259785,34.37322363890106,17.18661181945053,0.4989607512374547
688,11.799515211584252,48.368253316541505,93.04623520388144,46.523117601940726,0.536819789905219
689,9.31709889095605,45.53643482922472,90.90730925311246,45.45365462655623,1.7974767118443085
690,11.527277145585362,48.054536135426744,56.07421878682905,28.037109393414525,0.7936269909955973
691,23.822651745321608,37.772672097021655,27.645222934432645,13.822611467216324,2.0416024435961124
692,-4.203823516278722,36.54545481648477,88.57362878846905,44.286814394234526,0.6230503062936692
693,23.61223966803734,37.84342029219814,30.99563947850217,15.497819739251083,0.8428425703110785
694,-0.5565163110695769,38.61490831572941,15.688730981437152,7.844365490718576,2.163580649826783
695,-4.454569748446092,36.442978312865485,88.77354241586697,44.386771207933485,1.4766447804248788
696,-4.5470452736216656,37.81077680795313,18.083860348907685,9.041930174453842,2.5962783911633407
697,14.413513763067147,40.67851497504867,76.5996084673302,38.2998042336651,2.7608451260759126
698,9.073762049453299,44.385143925354534,34.04106104268449,17.020530521342245,2.7771659489054965
699,-6.3099280860506335,53.557252197370744,86.50796500510648,43.25398250255324,1.81321620950703
700,9.43332016007604,52.47272592607759,5.4799276504832966,2.7399638252416483,0.7452140666654241
701,-4.908438842477726,38.06507925815724,30.317940681147533,15.158970340573768,3.8549954284841856
702,9.172225084297592,44.16107990527119,19.51672536773909,9.758362683869546,3.606444278042696
703,13.950486017773265,50.82453374850895,71.82589021905055,35.912945109525275,1.3412136392382186
704,12.695313442473052,55.5445027481221,57.399146272311725,28.699573136155863,0.4920670367059769
705,8.34927372818651,47.120054651066425,27.266380487934438,13.633190243967215,2.371038314171773
706,-0.33303463580386206,51.63209150561745,71.64025081805647,35.82012540902824,1.7114367199227494
707,-9.247848752544229,38.48233221100598,38.85333573959199,19.426667869795995,0.0709918362470483
708,9.162392135748805,45.32311389459376,16.578521686667614,8.289260843333807,3.727105805587175
709,8.833584512232088,50.34412489119644,33.668012455764114,16.834006227882057,0.6599557569526748
710,9.77663330686616,52.596066199310435,71.6430654518634,35.8215327259317,3.3853262323063507
711,7.029965696600249,51.01755977105782,92.26002969762573,46.13001484881286,1.1256644568575616
712,-5.920106744849447,37.29538252440039,32.571531290097646,16.285765645048823,3.878493875017398
713,8.676840764175028,44.28154568410762,41.91597491393188,20.95798745696594,1.7907131638399294
714,-0.6828482337765464,38.09582240330735,82.62041346045021,41.310206730225104,3.723765245020424
715,-6.20507996716394,53.40225774306071,34.35971057617823,17.179855288089115,0.2783484340760718
716,6.813601996970176,50.98942580717933,31.089100473564155,15.544550236782078,3.445623582566084
717,0.13750663561548146,51.539264502857534,36.42949243662664,18.21474621831332,3.301210470196367
718,-5.89477621510661,37.48722020054894,37.59135858019324,18.79567929009662,3.204168111303067
719,-4.475670026982973,36.55728755198611,59.952897075479065,29.97644853773953,1.5884479639842666
720,2.532073758003905,39.787008934909466,91.41035436074829,45.705177180374136,3.0437675486978244
721,9.385546391882647,48.97984342375803,97.11032536966388,48.555162684831934,3.769742482349892
722,-0.7565774502665016,41.79194694795146,59.72729275484314,29.86364637742157,1.1369309153619551
723,11.565626004198814,47.85050189445832,63.02273102980483,31.511365514902412,2.780352170418905
724,8.68378120315483,47.40543989989691,93.9009600467966,46.9504800233983,1.3277085391707466
725,-3.5905764597024428,44.98568360812021,80.08233349905886,40.04116674952943,2.593873432195678
726,-8.972879316541103,38.65260299936151,91.59689871179144,45.79844935589571,1.4753967756562485
727,9.296353880954427,45.23749600410981,16.06296670378194,8.03148335189097,0.9911858229007549
728,-1.0494356620937004,38.14013244585299,17.71933856669608,8.85966928334804,0.1008406751654003
729,6.583284875016502,51.15731520572341,21.14322290126309,10.571611450631544,3.0750888922150144
730,7.035515586294297,50.947271083801915,92.5470170421557,46.27350852107785,0.0312408616229729
731,13.542091685960674,50.949225369275666,58.64148535943658,29.32074267971829,1.2721211566422186
732,12.468324843937328,55.63059519624899,52.03415108175548,26.017075540877737,3.959062027390498
733,9.291620804828938,48.69275273255961,85.92991528339066,42.96495764169533,2.638781992504171
734,23.564637471210652,38.249303463446545,77.15594936888263,38.57797468444132,1.9716869999882287
735,12.643664674747209,41.71845118913145,58.942962193077065,29.471481096538533,0.5580207751473187
736,7.641976501915048,51.495980842552534,37.885567899704256,18.942783949852128,1.174049008345774
737,-0.37723704644624845,38.59142054790317,96.1013537571672,48.0506768785836,0.5439707599664305
738,-15.548445872830928,38.99694608299349,8.240440852432503,4.120220426216251,2.6580042026705817
739,13.571945142396963,51.006141624342135,88.19769156895943,44.098845784479714,0.4682123966041276
740,-6.136719592608469,37.396039126702455,53.30843990061367,26.654219950306835,2.4327695351880965
741,11.013327762089688,49.56128587747596,10.300127187581053,5.1500635937905255,3.620002959798677
742,12.576507417758016,55.507621164609795,38.348296440383045,19.174148220191523,3.20238998546312
743,5.159414500078306,52.23309138666117,13.897766612960435,6.9488833064802185,1.1228263622965349
744,13.951569749439999,50.78380835804895,47.988920703026295,23.994460351513148,3.88574229975047
745,9.801357230498404,52.25414018917685,44.45989351817088,22.22994675908544,2.755596429546055
746,2.216457544075241,41.61135001026254,52.85124399224405,26.425621996122025,0.1029511023324611
747,9.722279587232386,52.591092547117604,12.836882792703872,6.418441396351936,1.900856133849092
748,6.6458566312455,51.38698721571108,32.06807001668863,16.034035008344315,3.766748283896796
749,2.5809075674184516,48.80340540091627,82.28677665466985,41.143388327334925,2.7896015134630634
750,1.8799396951423026,41.534243369283345,78.96550508268672,39.48275254134336,3.4062311771339573
751,4.452640848286473,50.769103797018424,83.69700748784064,41.84850374392032,0.2345162355350885
752,-4.210905062266017,36.60239840260044,15.895789917455913,7.947894958727956,2.4133903802248
753,12.371836127045473,51.18808512411996,34.93939282732042,17.46969641366021,0.2806942714596179
754,-15.44300787745009,39.11073806066176,63.11941807521208,31.55970903760604,1.2001274864685012
755,-0.18448413698592747,38.37520176561337,71.26418471754013,35.632092358770066,2.536451219689777
756,-5.945067642391417,37.1418568675581,19.06038535325297,9.530192676626484,0.3427434989176898
757,6.990495002996192,51.67259175973063,51.832492372675446,25.916246186337723,2.7630450953351
758,20.82155044482131,52.18666491934118,19.19073849238851,9.595369246194254,2.404642334200136
759,-3.4938822307427975,40.42921972468419,33.70969185992102,16.85484592996051,2.708849716455811
760,24.67369289598707,60.25648379492201,84.18049320512075,42.09024660256038,1.1050764320483584
761,8.627334601835383,53.20532538398328,50.43048578534869,25.215242892674343,1.783890642401443
762,12.303597245171396,42.15170973550419,29.606797141167203,14.8033985705836,1.5687195304760615
763,13.25357323324045,52.62811953082865,78.51698169298581,39.2584908464929,1.6225355784930549
764,-5.991671244724397,53.38938448444785,44.35099975910969,22.175499879554845,1.4409926352492044
765,12.816901399047735,55.77118538014478,84.65831612672436,42.32915806336218,1.266337644119811
766,6.929193601435302,50.719457502354935,79.48788940830818,39.74394470415409,1.6453495325986576
767,11.23277840656488,49.731716825048366,13.432008614848026,6.716004307424013,2.2023156725397763
768,-0.5470642700437733,38.49724516460028,89.75076682184307,44.875383410921536,1.5314132221440049
769,2.0011478807326415,41.4803186123515,45.32843175053512,22.66421587526756,3.4465508927766395
770,9.533038896987739,52.60077354143692,84.70777646609274,42.35388823304637,0.9917089130146608
771,10.960095256254885,49.4921183360423,10.258849747764565,5.129424873882282,2.72344048324455
772,-4.384285422772177,36.688735101507866,85.1889026360654,42.5944513180327,3.1750049987706133
773,2.388056836441972,39.42367567218842,81.20785248325667,40.603926241628336,1.0993775768570455
774,-15.460548003972079,38.748220537806304,42.95444243045341,21.477221215226702,0.3071898809084601
775,6.790936977062523,50.78298950778189,28.606102372924678,14.303051186462335,3.991431932093392
776,-5.734504312829553,37.4888892350563,59.19148557013308,29.595742785066538,2.4434908941657447
777,8.837327657545254,53.14873740576911,30.877601252771687,15.438800626385843,2.8383641918849745
778,16.550459610940038,48.22533652067462,37.92074668752127,18.960373343760637,0.7233575996632764
779,-8.865956896600572,38.63052652808304,83.4018080076824,41.7009040038412,1.095172444595165
780,9.424631693051232,49.020582080454204,10.823564837384549,5.411782418692274,2.2905319866989995
781,11.48615837350591,48.17903482673001,36.78171597324354,18.39085798662177,1.833115574335049
782,2.0854748987253826,49.14748687769194,20.58041696550308,10.290208482751538,1.5169430178255636
783,-15.60597283638787,38.66260451313521,20.47065937161869,10.235329685809347,3.0076241440270794
784,7.026765549495879,51.65463788866525,97.03516912479132,48.51758456239566,0.4978424352397641
785,11.034539654334566,43.46965862823334,20.40623294315655,10.203116471578277,0.7782980970288276
786,-5.711190315969341,37.53463122021474,35.25476817268253,17.627384086341266,3.368672401751976
787,11.781887714292548,48.274387661877576,58.77840256599877,29.389201282999384,2.303353636982439
788,11.319872833613879,48.05795556608258,28.140125755314155,14.070062877657078,0.7105291603024351
789,2.388175746051558,39.35464855958536,64.0356302983891,32.01781514919455,3.85952831735881
790,13.611526136681796,52.26649807973027,20.315730262789216,10.157865131394608,0.3722685603113285
791,-6.500027936999271,53.48506217999243,84.63721512640745,42.31860756320373,3.5754706082698293
792,8.796771631033621,44.66980489496242,81.87396125432727,40.93698062716364,1.2482820847806764
793,-15.594391472652534,39.1266949915253,50.271332349218994,25.135666174609497,0.6922890414538734
794,4.4981756162115225,50.58960894869161,46.16015823254687,23.080079116273435,0.974848904426072
795,13.562395931053523,50.869827177047995,27.76010372817137,13.880051864085685,2.937184810337799
796,-1.0544731058450552,41.79535858042306,13.67671082603364,6.838355413016821,2.265047417120132
797,8.91326500015354,53.03135628523159,38.496630938077296,19.248315469038648,0.9621796762555976
798,4.08111609855701,50.617941534171536,73.38594263826324,36.69297131913162,3.0694434478839483
799,14.550566031584111,40.756539686626915,59.88443943393343,29.942219716966715,2.407471903810834
800,-2.9565776943304805,42.97192252589898,80.55694141186038,40.27847070593019,2.6090277399086457
801,7.063111537687683,51.20835514497365,24.9423990582574,12.4711995291287,2.7999550585074444
802,16.417082490770625,48.0343543358104,46.25873478309728,23.12936739154864,2.6445950623256524
803,16.25329602654547,48.36614521167179,44.579300423288046,22.289650211644023,2.1704040804809623
804,-5.71291543165428,37.27475487328336,77.4596947371919,38.72984736859595,0.2689161599648551
805,2.107791901524813,48.737292674224065,90.18595376622736,45.09297688311368,1.1102774021186763
806,16.41562794558348,48.07629001919114,20.981209185344177,10.490604592672089,1.4993621468541023
807,9.603149604754833,52.30358054218944,26.83570514039972,13.41785257019986,1.5906689357262165
808,-2.9539064013138465,43.535885851723904,7.972790151428509,3.9863950757142543,0.6604325094876811
809,7.414983454155358,51.573579191492605,57.38397556961288,28.69198778480644,3.2541747171359785
810,14.415540119910288,50.309643787754254,96.91193472165122,48.45596736082561,3.3142827422907244
811,2.346322032115123,41.244179030764236,50.2773726891097,25.13868634455485,3.74917415426339
812,8.624092376990355,53.19246711716168,76.48668385558496,38.24334192779248,0.0249510657868414
813,12.274045234485847,42.180843189914874,97.48428200810947,48.74214100405474,1.47098723612255
814,6.701925177763173,51.461867015462325,74.41451133066606,37.20725566533303,0.7986913357207879
815,8.918664097517809,44.19840922600515,97.14154746518062,48.57077373259031,3.9483396139445945
816,-9.25614050310534,38.9876913386705,9.421156206022449,4.710578103011224,0.1114548964924226
817,8.977448659129253,50.02090343502308,18.98852890383902,9.49426445191951,1.7696632615559924
818,-0.5924118019953148,38.42024682409914,64.65213810363606,32.32606905181803,3.098265696806462
819,-5.99149258728759,53.19277567054385,74.86388920245658,37.43194460122829,2.9515251356692054
820,2.2147581602512725,41.225978537552514,39.54774190491952,19.77387095245976,0.2447897884141672
821,12.11231176080151,51.203851911359216,92.42218604138527,46.21109302069264,2.268287419578764
822,8.631668728816456,47.101244930026965,47.00228546168515,23.501142730842574,0.0078485783895287
823,7.132163102687244,51.16998168491265,90.67491113100712,45.337455565503554,1.4060383244728842
824,-6.559387743804837,53.17581668740399,38.3520049183641,19.17600245918205,2.6089807523066333
825,6.753990529320944,50.97280412070951,52.61744961967128,26.30872480983564,3.6929273484726703
826,5.161731569571873,52.27759573776949,69.83080946992324,34.91540473496162,3.0734445763905303
827,14.469739076385105,49.80137419502971,69.78554748939564,34.89277374469782,0.6414125815219527
828,19.106630052155815,47.3957141817624,98.0681170948463,49.03405854742315,0.7582954633779804
829,10.873919707665728,59.794908850203775,5.967178126474176,2.983589063237088,0.951500690300811
830,13.481737858714826,51.02043698444841,89.21798973489943,44.60899486744972,2.542709055523368
831,-0.19456489641917124,39.56539577203203,63.35131150453514,31.67565575226757,1.2906518599398864
832,25.122897298241046,60.40682576279015,88.71093093647636,44.35546546823818,3.586045048253285
833,-2.7834434625579183,43.034424818911845,30.24847718439901,15.124238592199507,2.5065470069702
834,-5.702635564402186,37.11898279285116,39.8089405287684,19.9044702643842,0.3815214079739699
835,9.019172466405994,44.17086092980472,32.87118486034744,16.43559243017372,1.2653415716222702
836,20.990870011913408,51.93653384400678,98.72912052668168,49.36456026334084,1.184506909409582
837,-0.24893464469535653,38.1927421259976,5.777792419824915,2.888896209912457,0.6993462529764365
838,-0.19280789071587157,39.31189711490485,14.59274657345166,7.29637328672583,1.682588068134875
839,10.101671170438504,53.731763274967136,34.06673110261964,17.03336555130982,1.221891920497547
840,-3.810151092799138,45.22757309105538,58.42817347125308,29.21408673562654,3.999724588075265
841,-4.34963468602348,36.608239925122604,77.7186021815789,38.85930109078945,3.815662829542436
842,16.47524264486555,48.49822951407168,12.201404996341967,6.1007024981709845,3.581187347016567
843,20.982183630473532,52.331090631950374,56.53805507191239,28.269027535956194,1.0543105698008757
844,18.903292331283858,47.21473099676947,73.13259782832007,36.56629891416004,1.4165574604886433
845,-1.196139089229335,38.030969647913395,82.01615287013828,41.00807643506914,2.856959899407526
846,-2.6751921898755477,43.51046293416272,13.253627560644825,6.626813780322412,1.8852688028429303
847,16.214557433134523,48.50726836459122,94.45989505338356,47.229947526691774,1.0487140851763237
848,12.460566182403804,51.57914043419505,13.637963332936136,6.818981666468068,3.128541453697664
849,12.666122837694942,55.46592722023224,82.0808188286532,41.0404094143266,3.1521414748012
850,-1.385237365587901,38.12706492811238,52.27514992362986,26.13757496181493,1.1151656667642218
851,11.299561169599368,43.92739442965339,46.5251686946064,23.2625843473032,1.675153939141961
852,-3.4495801889159243,45.32585296421271,86.73639258495264,43.36819629247632,3.2140179929085875
853,-1.357003996901534,37.7345797583788,7.564077686010853,3.7820388430054255,1.2458598375635304
854,-3.4204656905920996,40.27208241349398,41.53983252052624,20.76991626026312,1.154100011451571
855,-1.0253515172534737,37.77907801113162,75.17067758891375,37.58533879445688,3.426665127917242
856,-6.2565505334867115,37.19516030151272,56.68675770044483,28.34337885022241,2.789483302869
857,2.5045736388733637,39.31953618476313,37.922900959351175,18.961450479675587,2.063417191606338
858,23.816793446920045,37.754046880313695,73.68791586659663,36.84395793329831,1.5212597484499617
859,9.222607420406854,48.49495534008031,35.01094106869115,17.505470534345577,3.0947106550812697
860,10.665630095084879,60.077240251589764,32.34077288093127,16.170386440465634,0.7484173697331711
861,4.414971719286433,50.84039262568251,48.78389722571264,24.39194861285632,0.901660614952914
862,-4.761089523997176,37.745035669706674,76.80178733691773,38.40089366845886,0.9027098097312076
863,19.26319164665861,47.21399356686572,84.27735103748417,42.13867551874208,0.7497790145454206
864,9.691458969022802,52.350217094749375,92.44627628954082,46.22313814477041,1.0504568721785432
865,11.869322064081391,48.399932105256944,32.95367954154824,16.47683977077412,3.709414314406283
866,10.49784162692124,59.780437317283564,54.98017682571778,27.49008841285889,3.299446694919349
867,12.47918563232094,45.512164603599864,51.90853602427906,25.95426801213953,0.9476409008982838
868,16.174133552980326,48.374050048478495,23.825152494249178,11.912576247124589,0.975007173326341
869,24.95027364424787,60.174064172289306,45.57514680332648,22.78757340166324,0.05512761849833
870,11.270682984732762,49.46988017666609,85.88515427626274,42.94257713813137,3.1268923465230096
871,9.35018256853842,45.226084426860155,36.48030112856772,18.24015056428386,0.9276561736566776
872,-1.0704187624555495,41.427759526811045,73.35960103577032,36.67980051788516,3.306074529976442
873,-4.3547027116736,36.50436162335697,8.551547547721343,4.275773773860672,2.321605067427858
874,6.7074937935479975,51.47183606603851,39.96797071092765,19.983985355463822,2.165865022435813
875,-6.535840257697377,53.11971081903524,97.28231806486374,48.64115903243187,0.1849056018834241
876,12.32816309078139,41.82653188605746,27.47360005575637,13.736800027878187,0.8548287522765508
877,4.760036747148589,52.43722482164053,99.2568631362988,49.6284315681494,2.3564944819668487
878,7.048635446109179,50.98390926814666,19.681263945191983,9.840631972595991,2.737676179006358
879,13.382879528952225,38.319760578174304,45.74531879286922,22.87265939643461,2.8519867854199425
880,16.435334092291278,48.484650499851135,73.20536463716807,36.60268231858404,2.825487205390792
881,7.604185109785667,51.79806773876764,36.88675166712824,18.44337583356412,1.835399128183102
882,-2.899692678023744,43.352649582071614,20.01218369767157,10.006091848835789,0.3472344645746008
883,-1.0517361903189704,37.70944484531594,7.329651679978626,3.664825839989313,1.7264690011474242
884,-8.915530603334526,38.66146191640154,26.63279106510164,13.31639553255082,2.909758830233148
885,-0.3496334918396737,51.724921254936795,21.305877579677173,10.652938789838586,3.1781240478634625
886,12.265959329946753,51.17329363470364,80.52832920881866,40.26416460440933,1.4768933115363012
887,8.946482315708728,53.20555208140706,35.872350104922134,17.936175052461067,1.3623503988304209
888,8.42854574590063,47.0847473768883,35.90601308002096,17.95300654001048,3.1048460338802646
889,16.457947728082218,47.974613523983635,14.986231798966667,7.493115899483334,2.1663386428344915
890,-4.20927024079074,36.4547331148242,83.66003542805524,41.83001771402762,3.1283152430287124
891,13.375815673116383,52.81957339490258,71.2512392399887,35.62561961999435,3.5813946553660885
892,23.80477195182872,37.80437201482502,78.27372771787694,39.13686385893847,1.2012862991164497
893,-4.217231646591488,36.68891089301103,14.449448228919938,7.224724114459969,3.296594678482742
894,-0.28196729371096063,39.42335163632714,18.506423667757176,9.253211833878588,1.5095084526791882
895,-6.5136078623779134,53.17904475373932,9.55077426472626,4.7753871323631305,0.7646059075607012
896,-3.866133034926991,40.179062775831675,66.57343976298648,33.28671988149324,0.0693709872259686
897,8.36802680639071,47.11313346678009,65.16278202593743,32.58139101296872,0.5016875236622158
898,-15.471796828415526,38.9070245941722,36.988527533751984,18.494263766875992,1.6353263215373652
899,-4.7039049482341415,37.63564191718408,97.5076230946183,48.75381154730915,1.7800067563576296
900,9.738905496867142,52.46734529321773,82.71545267198313,41.357726335991565,2.896914422232928
901,13.520237429062528,38.304280470205924,79.03818086630092,39.51909043315046,2.0784547110585065
902,12.324484114540121,55.81296155686969,72.65761367937948,36.32880683968974,0.3764200163136038
903,6.9892222396031425,51.02550889452866,27.99417050223588,13.99708525111794,0.8032971061527232
904,12.304632245523559,55.60114385634979,96.5769221908022,48.2884610954011,2.0758553056382847
905,13.47316547180201,51.06362259481506,30.54436475929827,15.272182379649134,0.4270703703537193
906,9.878692146262999,53.776654103085924,14.951655541664978,7.475827770832489,0.2276258104153279
907,-0.7172116993334612,41.44911061829757,5.778918355677037,2.8894591778385186,0.8859221617932147
908,-0.3486038702753663,51.574828642019185,59.79132439698564,29.89566219849282,0.8526258670084292
909,2.429392277859429,48.65610160999672,33.746660593593674,16.873330296796837,2.743889559700925
910,12.588171741943288,45.44302378298093,39.26032439692109,19.630162198460543,3.3651202653924304
911,12.237742807437742,51.33797929863424,20.411697123487315,10.205848561743656,1.3820371937963385
912,11.401563172353747,43.74222347536667,78.73765072586878,39.36882536293439,3.1111330664671604
913,8.828746995774479,53.01406810100469,50.50704301803188,25.25352150901594,3.780898886321552
914,2.4606383929624696,41.60571227542102,14.08826311125693,7.044131555628465,1.618169147521527
915,-6.106043124292273,53.16575808874546,33.01353037841562,16.50676518920781,1.2354565826759494
916,-6.075910781757712,53.435283765166865,23.60755111058662,11.80377555529331,0.5789089953703175
917,16.448779766959905,48.353731560777085,78.98896889789481,39.49448444894741,3.903214749282363
918,11.13066772185849,49.23055426393833,5.172852004150277,2.5864260020751386,3.319669460781957
919,12.486435729182004,42.15968759768986,49.70920399475629,24.854601997378147,3.6807739545634592
920,9.819399254041636,52.409769367253496,40.7216468222928,20.3608234111464,0.3404236324542884
921,7.107759034386816,51.22516916052489,25.531591859142164,12.765795929571082,2.506140842228518
922,19.16402671852599,47.28712220383125,28.60088681761179,14.300443408805895,0.3586517044452919
923,9.713527891041863,53.74024022713314,40.577015449192025,20.288507724596013,1.842709044570244
924,-0.24428521833277606,38.57433277552044,45.074192651019885,22.537096325509943,3.2120605810176373
925,-0.8711366188052485,37.88000977475118,36.82068134784176,18.41034067392088,3.234384682680614
926,9.826625744730409,53.544939487894126,68.88794102002743,34.44397051001371,2.420147502494393
927,12.735090521196186,41.745415354556194,55.675654252942536,27.837827126471268,3.0309885017096523
928,8.930102260434959,44.606654827407844,43.13770790737054,21.56885395368527,0.8368419644877099
929,-6.001690261208331,37.22842016300667,35.92512522264802,17.96256261132401,1.5623323717325164
930,7.072746472494646,50.65686911463755,28.70646600706989,14.353233003534946,0.9098808328347552
931,-3.6841887212004587,45.111083402771435,74.4926289002227,37.24631445011135,1.3706194212710128
932,8.6972846717615,53.322246301573564,22.06657663615516,11.03328831807758,0.2322252827107749
933,7.202867546043347,50.78819594911406,70.8833523331064,35.4416761665532,2.5660035390850404
934,-0.9444363939212339,38.1502562095389,36.89033895393694,18.44516947696847,2.7188627638222798
935,13.340350101470703,52.55771147346457,6.862997625314788,3.4314988126573938,3.265382140580461
936,8.886893556168955,49.04302701686424,31.321285458980597,15.660642729490297,0.5414044573505907
937,9.33736197952933,45.6523473232246,89.60994949339485,44.80497474669743,1.2263976066025566
938,8.841431210955466,44.17147669952882,42.54246354474488,21.27123177237244,3.616524204793788
939,8.909629838594128,53.081842300441686,99.5946038585341,49.79730192926705,3.809641792709409
940,14.244348967821539,50.33912260659402,37.5334983758857,18.76674918794285,3.9169734959121074
941,11.327816425117565,49.460999296331586,59.49898359150806,29.74949179575403,1.1766054092847216
942,4.714805559367119,52.10315639390902,68.79399389713332,34.39699694856666,2.9671545404948025
943,9.623368527776615,52.44700262715758,46.43043290904571,23.215216454522857,0.8328968439112479
944,-15.181713632424986,38.76384134492879,55.83018292540727,27.91509146270364,0.8004373796035091
945,10.870793340853568,49.58212139936165,62.98178725249034,31.49089362624517,0.4877319496795835
946,11.105337359294449,43.57665597642472,95.87050108526088,47.93525054263044,1.5766170641653234
947,9.743726653873821,53.51657027417627,86.840239273258,43.420119636629,3.217331672481865
948,5.062557296923863,52.10155178278647,8.81472709324213,4.407363546621065,3.010292482066959
949,24.956473929149006,60.35015421942414,49.22116690642076,24.61058345321038,0.2623283826816118
950,-0.488697554057566,39.401834405386644,36.746872263090026,18.373436131545013,0.6412208681017315
951,9.464996166938915,52.528838710013666,11.308831389532443,5.654415694766222,1.1900751178174644
952,-5.064805074853479,38.08779443786513,70.6572441778026,35.3286220889013,2.0783457634294287
953,9.686616471977052,52.572429449070896,21.460170599209984,10.730085299604992,0.8785351985955572
954,2.616592431620631,39.47127408901148,47.52583254936345,23.762916274681725,1.564542848493386
955,2.5699590970600603,48.81622303099622,56.30703767469049,28.15351883734525,2.704560327255721
956,-9.029243556043172,38.510551089280575,23.30172741580656,11.650863707903278,1.678730525748791
957,18.95841276734025,47.697885193212215,68.02843398917074,34.01421699458537,2.100638919971995
958,13.170239501057194,38.07431553697989,50.32205820853908,25.16102910426954,0.6204323726425751
959,17.943246876202025,59.4245496741435,94.91708311037829,47.458541555189136,1.1874114707518664
960,2.905444196030023,39.794452320959955,88.4043484386411,44.20217421932055,3.296308897797691
961,-0.8440947462754887,41.58471307962589,57.88834698761755,28.944173493808776,0.9400542481418764
962,18.01633442739653,59.397482422211105,25.100230635229785,12.550115317614893,2.0032467929906783
963,20.96787862304364,52.0392405600128,51.76481080062632,25.88240540031316,0.2112795903999877
964,13.176264923530757,38.260952720244724,44.48092669818445,22.240463349092227,3.6296791958134222
965,7.443445816531352,51.48926417715376,33.111653362567694,16.555826681283847,0.326755750372155
966,-0.4646116172889185,38.58192918192539,77.46470298618398,38.73235149309199,2.1633020706153747
967,12.636640902236874,51.20229715096126,60.407793509521504,30.203896754760752,3.530412908102841
968,10.287058553854916,53.25797749418786,76.1010887414648,38.0505443707324,3.248227139395182
969,2.5945721817973046,39.370512010378974,65.01809304280812,32.50904652140406,1.5937268527567592
970,4.551743733523764,51.01341500155664,78.49687436247888,39.24843718123944,3.383554587653297
971,-6.389911220140017,53.19600430893062,63.19548992932879,31.597744964664397,1.7985875952776231
972,-5.754554525983184,37.58829934980875,11.051283257570375,5.525641628785188,1.7511409954390125
973,6.596784534596382,51.189877375018284,69.17559683560792,34.58779841780396,0.7520318871082998
974,-4.982469880242348,38.11593117088755,85.0554324147409,42.52771620737045,1.1212520519499702
975,21.062773571153574,52.1846857792413,16.778946291094613,8.389473145547306,1.3903334528640698
976,14.30185699264996,50.10933842588813,62.08861476687684,31.04430738343842,1.2639606241617778
977,7.210111754779617,51.20007092985403,35.85465648507471,17.927328242537357,2.676772514008251
978,10.966787977835727,43.97567527654985,46.749981847809565,23.374990923904782,1.236885851498147
979,12.786498423979173,42.12002428517674,68.70376268345223,34.35188134172611,1.855330125079159
980,-4.191974226157528,36.532051386892114,22.85143625475838,11.42571812737919,0.6089517542522072
981,25.027448151132763,60.374146519894,51.77472636777659,25.887363183888294,2.066862437286182
982,13.431658953579369,52.374200796939455,36.709423464996775,18.354711732498387,2.0649225760744456
983,11.49638292518092,48.28668430688154,83.99805094870885,41.999025474354426,1.5095693269879562
984,-2.750803397340923,43.29667066719493,13.075249785149772,6.537624892574886,1.2882177094547664
985,13.500686682619486,51.18619319675657,27.463292750099203,13.731646375049602,1.5038497252508352
986,11.180307553069206,49.2032657297893,8.178427142953684,4.089213571476842,0.1544910801116135
987,7.067765586428963,51.69985591107683,44.38192863822249,22.190964319111245,3.395702515049336
988,-3.427745597333878,40.223655071753136,72.1446435453257,36.07232177266285,2.180804788660037
989,17.878606761540894,59.61356241778928,56.35732476931915,28.17866238465957,0.5686260090485931
990,14.299960259122285,40.948722600316735,21.616953961407987,10.808476980703992,2.8825701876676297
991,2.803087261917614,39.71809986026292,48.44246555250915,24.22123277625457,0.5306478220501281
992,-9.284129879870735,38.46231843911805,31.06498755832497,15.532493779162486,3.808994488286825
993,-4.949788990983942,37.593792191617105,13.651623245352674,6.825811622676337,3.8028232753519
994,-0.613759592990248,38.32833251228492,16.424428212019173,8.212214106009586,0.7027062779531419
995,13.676784323775669,52.323854831322336,58.02311065277661,29.011555326388304,0.3053758990288351
996,6.85950613165054,51.25514971553298,7.7076311882618675,3.8538155941309338,0.2382078160407044
997,21.275414627626233,51.99700473653573,41.61961452855326,20.80980726427663,0.9670020636377455
998,6.991485067716725,51.324273856848194,16.39087103496942,8.19543551748471,1.3985574684770832
999,18.21528808160435,59.51824805033823,93.61658733581112,46.80829366790556,1.2333537378649302
