TERMINAL_ID,x_terminal_id,y_terminal_id
0,9.388886085111476,44.298819931811515
1,12.204778608059137,38.42321901979609
2,16.123443533501153,41.64293833050862
3,13.341542026110682,37.858451917098144
4,11.96416535919434,55.35105136660618
5,9.776221057589987,50.068358943678874
6,-14.968018060617444,37.377829845249245
7,5.4939400748964236,51.64649720716099
8,16.926166171119135,58.834139794025276
9,10.005138672029538,49.79731808643371
10,11.910679063175769,45.53989726162702
11,3.318799033175064,48.17860730593733
12,5.448573305577608,51.65213745356444
13,12.79950709756907,54.92329798018704
14,14.497273367788505,43.786951316298754
15,-4.030949294113015,46.26133972619545
16,14.071789865440229,52.29900112417761
17,11.219070751225662,44.24574648584913
18,10.7732867838999,42.517233777373164
19,14.185215477366913,39.320692566116854
20,4.816820866371589,53.68309168053951
21,-2.8850184192024537,39.2888651535791
22,-15.770041339808973,39.001083551436196
23,7.951900595824709,51.78206496334377
24,12.098899310992053,46.29253462151284
25,6.121472476228897,51.73433739262153
26,15.009353654768773,47.76896936730235
27,11.74815565879985,50.205346549965526
28,21.831645658904357,52.122276726890014
29,11.397543096327082,48.46850288006425
30,21.799530449182054,37.68586525243108
31,16.326635371052358,51.16855204704951
32,15.655064393907553,49.24674609359683
33,3.330661783427836,50.66550275070917
34,-8.205717777574405,36.04713530897717
35,1.8866949889460374,43.56769516606475
36,7.032662084384677,52.2673995336145
37,12.624103460444855,54.382881591167894
38,-3.419020121869349,39.72406634835114
39,13.448892138583922,37.64887559766169
40,9.703711658944961,46.232149858377156
41,0.7266904678570131,51.0742997919
42,11.213265307849088,40.77943466754623
43,-2.408393987217435,39.81176686501193
44,16.954687268352778,44.97263365747153
45,8.966612821493422,46.539652729365386
46,4.988657436789223,51.377361358591926
47,13.966223779528448,50.49000291453679
48,14.244077933127464,52.037923350814204
49,2.5059696782507137,38.653106778989056
50,2.2304402788562547,48.898617669179295
51,0.7581612589525883,50.064070179428384
52,20.715128385688104,51.59806831846065
53,-3.348617736753084,35.45700697595295
54,4.041644005834933,40.352472402605265
55,-7.422573153330481,34.48070007713384
56,8.96118873315345,46.95007821588087
57,14.137494803967424,49.25956124942729
58,-9.516625075835421,37.67038504999052
59,7.8065528661132895,47.214471098219896
60,1.5184223231677079,39.38805823547904
61,7.975429030890416,49.418111046623956
62,3.954683383846929,51.47581192829957
63,-1.6007384100692206,38.68258452170033
64,-6.2609111521866385,52.08295414006877
65,12.347201045160169,49.86444411315724
66,13.166292716860035,42.175333186607986
67,14.629862253650026,49.028099795175805
68,-3.32089831161965,41.12059057012862
69,0.9212958255781954,50.24572148898726
70,11.156965550991718,44.72990699704613
71,-1.2908047833002123,43.596137828714554
72,12.348664146229474,41.70989864758662
73,14.070497553082728,39.10866847364654
74,11.11376065726591,48.41346545243979
75,9.234911109985555,47.44134397659439
76,14.753635070625204,50.79512464774574
77,14.810908187547527,52.0227729738836
78,-6.174090298931874,37.535433083467126
79,-3.2805859300928972,46.071153144462315
80,-15.49157150969407,38.43156037298859
81,13.94380186614144,53.40517863002317
82,14.336557145397574,41.98476465815582
83,6.62441202531581,52.13541368598892
84,-2.6283009359866565,40.74973525934615
85,11.249913388596608,60.67110937199557
86,14.396293326310142,39.742012133830656
87,20.757965072187034,53.11478772303892
88,-3.0650984113892807,37.1426201567158
89,19.020153075258165,47.099817369448
90,-1.7945380612733346,49.600707794697506
91,3.1772340959319725,40.92894441803124
92,16.670917233142184,47.515197610566084
93,9.037628620882153,50.12372859427258
94,3.4557689990752083,52.42344661709339
95,6.740126788672959,51.075973673916145
96,9.124255822195373,48.97481370125984
97,0.15601853768915158,39.608377788006244
98,18.232522357579555,47.91351781370289
99,-3.9134803987743503,44.13713240751682
100,14.828526652507326,41.75432056755458
101,-1.272475573337796,37.437613682915746
102,-1.776653239874212,51.41470183668211
103,12.748855857921686,42.971707009948794
104,20.231862996643564,59.59463405081806
105,21.38465248515867,53.32391345964191
106,-1.1154211064065245,38.43525818415154
107,-0.5526833273909919,38.36439207426698
108,-2.670447681173021,44.616521900283324
109,18.33495633478811,46.499770359117576
110,5.589030945448761,49.30405218668071
111,11.294189589902048,52.326735137078046
112,14.736841873031365,48.32132595607872
113,-1.3905733071947357,40.70845177382014
114,-5.0735913755845035,38.83482806205001
115,-16.747200918190646,39.14859858462155
116,4.451399099227363,53.08586819807166
117,6.3584499862579635,52.100908806252704
118,1.8303233065006224,50.08510452533563
119,14.065170803613938,45.76283707401335
120,2.1155367004261123,46.72278590207371
121,-8.535725378784623,38.27416295059434
122,-2.6385872800866177,40.36026876811443
123,13.791594841879018,53.98465990636022
124,5.852252553696662,50.23983094852981
125,10.600185145608807,48.77264940599589
126,12.248010421629514,42.39788956616867
127,3.616528416904961,51.66252329250181
128,19.896764836838134,51.455100685168496
129,-5.473701353109311,38.77306954180463
130,-3.2275120279940466,39.091043384635995
131,2.761473272131718,42.25512477080122
132,24.537917219015316,36.38402391915003
133,25.545289301953392,60.668894025237144
134,0.2744400706486657,52.10307821730531
135,4.874411053245631,51.195048454173495
136,6.343240460291451,49.77883878155344
137,11.2017514695691,60.69559910500211
138,-0.8386705103037002,37.462329627898484
139,19.313171020798713,47.04794126349809
140,11.364476321038028,47.44387896389736
141,-5.924499849298822,40.291792115882664
142,9.410427671523408,47.32086271002125
143,3.651571448262901,42.964063977976444
144,17.377698459386565,47.963872751791804
145,-3.230280236281279,40.75976886053632
146,11.747323216261792,40.77105694783626
147,11.999895686389294,42.03232532547316
148,7.450913720531794,43.31585363225647
149,2.1355870626741043,49.79702894967717
150,-14.000788770414642,39.369903214903104
151,-8.466256390018511,39.98269330802579
152,12.59881888249995,52.07482166918057
153,8.171112338929623,51.427871097027726
154,-0.7924256121576301,38.163364088411754
155,6.058003724022069,52.93705662987484
156,9.363400187289933,48.194553409681255
157,6.984023627233606,49.632359814119454
158,13.599281100242466,51.03014141448634
159,12.019832126188238,52.69063812937936
160,7.634231535480625,48.16468448348983
161,9.003398225959957,48.302074091310175
162,-3.636188307324602,43.80374299500688
163,13.813519887958496,52.74575248946465
164,10.41419203009062,43.52511654943673
165,9.897200269613453,45.75255906748362
166,-3.084212976653265,43.16541682104581
167,-0.8401925729748616,38.26488807207184
168,-3.379307118633078,43.11318725815575
169,9.836047849625205,43.752918684200246
170,17.160708112094575,62.02972733373662
171,9.453190195464925,53.137939863369205
172,12.654427487922042,37.669449316947414
173,21.066577408085482,61.52942146835822
174,-6.56211297074961,54.19329189166716
175,8.004872599890385,50.014896474290076
176,15.103204202265795,37.015687219308816
177,-2.1280685242737176,39.75318822791306
178,13.119451407451631,55.050380959659584
179,3.128640307750235,49.45944453098003
180,23.60461265688196,39.6170413316745
181,8.534867539876604,51.769683992142376
182,3.215070616143067,39.69971596418706
183,11.223814998559847,45.5588874937245
184,11.07377972684599,51.91494081249217
185,10.54383567712516,43.94614165653806
186,-3.514777521796523,43.15197926119392
187,9.882192533954361,48.74200496855544
188,7.7765235748720185,50.93906616863287
189,-9.9235197674868,39.39827830815137
190,5.76006649615203,51.1042403523351
191,1.0464071335550784,50.89836630313993
192,11.404969351474769,43.1224200709516
193,14.331417379837657,51.95446821826521
194,12.017268171464323,53.103281589505585
195,-0.36619346075198006,38.6295528621457
196,13.60867171347739,53.4093219131151
197,-16.188566498217774,40.383379996824566
198,2.893307007347479,41.0620333157507
199,1.1351185448439853,39.31993009945589
200,15.940922055355909,48.57509352158281
201,11.268935603003035,54.13703084093298
202,6.8326977873349,53.685519873925045
203,19.80336589014398,52.720672941159656
204,5.107581102245437,51.706487939700814
205,8.512407094416776,42.72340682290198
206,18.786807721921754,51.533514601637975
207,0.9179456047829828,49.87154253690922
208,11.929756886875658,52.88064668166537
209,3.4749455249638914,39.7209720384621
210,-3.9148354613100094,38.935384264480156
211,16.251137874997482,49.4758378889441
212,-5.081144653799128,38.58871710942668
213,-2.105702701931964,43.44459239723095
214,14.685116120185215,51.8599494054226
215,4.102587688000592,49.208270550263805
216,-3.6715989047228157,42.606812746416786
217,2.439993770100362,50.32476665703203
218,2.134433579098696,48.34197536453821
219,7.66583806978313,45.03425678864497
220,19.598387602590137,46.14612794403687
221,9.643401468991536,55.89166648503601
222,16.329089303009543,49.215398902863974
223,8.15489685393823,44.49241587991618
224,-3.421128211077349,36.716628250471395
225,-5.06066133962026,36.077695915461135
226,7.481387826961036,50.70945571589284
227,6.508585535537501,50.35319644026912
228,5.428234457067676,52.01909079556487
229,13.327217851667495,46.040913251231345
230,12.554509928959135,50.39202161695669
231,2.7791863510366315,38.94743621593793
232,-4.972684695881433,35.01594485356869
233,7.86174435335726,50.21414754824282
234,11.367910451766043,41.98305383150051
235,11.205416066385817,56.55731499069211
236,1.2793680767933702,42.2822947290511
237,12.52562938256697,49.126676349982134
238,-7.358147669189313,52.37585541837213
239,-3.0105113717790397,39.90829115928311
240,5.521832794793527,51.86653669344306
241,10.849377195490925,61.073466006753705
242,14.360910960536144,39.074525921468876
243,11.16013395120553,42.08620580872289
244,-0.17412494534741463,35.29117703679663
245,11.998823178798435,43.28387199834469
246,9.810612418955296,53.4029045398464
247,11.76961279939347,46.212742110145605
248,10.735658671960568,42.47554723920572
249,9.411199551833018,48.259114161651354
250,3.110000298454119,50.20582222353815
251,1.0604849962911425,39.19913958677573
252,10.404194164890963,45.110228335788015
253,6.968238087420514,52.41709410544252
254,9.517024092163032,44.33819410500246
255,-14.224613697415004,39.011442682228484
256,3.93661298190434,49.767316628074376
257,2.6541452562635603,40.34961155116264
258,-6.584768963420453,52.99573920323832
259,13.838361032435014,39.74087932073525
260,9.409964180101483,51.37177501931979
261,11.380368255469516,52.78912651001378
262,-4.987462484587891,54.70166161419089
263,-5.364649742224296,37.090809937981696
264,11.559276416365407,45.023610382190085
265,10.148821693685768,54.23042946632231
266,2.7298782009642037,47.79164310612898
267,1.8575713128469542,38.12093179180091
268,7.99078100293222,47.828912261272365
269,12.677444736923164,40.790687036155234
270,8.202298411282943,51.27602128797027
271,-0.5620607846586221,37.90161654816707
272,13.799912706095338,39.74418096539199
273,-6.3417808343398905,51.76298348921127
274,-5.17524306690003,37.308159367090795
275,-1.2786946438492468,37.57602658634656
276,10.163079402854526,50.207692858712306
277,11.204129913856443,59.42653813918384
278,10.473304260161374,46.77786446132391
279,-0.7543321096954962,39.78566997669299
280,14.317969472943577,41.098921920741354
281,13.782649579513958,51.91627128528895
282,19.380617889798906,49.49926455082069
283,13.248136986845225,47.8146374513285
284,7.131758152766776,52.32609403344562
285,-9.372370649260917,38.247079715852024
286,-2.7700833509991103,46.383359294813154
287,19.955097530919584,47.518794868335846
288,7.372879702215738,50.483999790144935
289,13.410661165530486,35.41760043145475
290,8.634817372765934,44.890959493005504
291,14.330303499822966,49.972446409041034
292,-16.097330807360848,38.98799700530525
293,-4.946226064025206,44.09532577456317
294,7.521332625944352,49.520678142359465
295,-4.006291184484562,42.44674010003069
296,-4.889135166794788,45.30943707106889
297,5.1380134644511575,51.008777453612694
298,1.7004828618726475,41.8093375279932
299,-7.5478453637687055,39.67547345100401
300,12.011640810559628,46.43709489799348
301,-7.951240582642876,36.05230397631776
302,-16.51235039094025,38.480755921794746
303,4.733295514858233,50.87738196573177
304,8.677786327019508,46.05735988755862
305,-3.469025615686598,37.11176280547092
306,4.144628905955736,54.62335238047584
307,2.4036807355278267,50.21943139991437
308,-2.364537065927125,45.142463760406585
309,-6.619753203499175,39.22027436800824
310,-14.744324996744457,39.00221864376682
311,24.181204360473792,58.184464158664454
312,15.816998087623055,59.18398687782046
313,-6.856101643755738,53.14557777887006
314,-5.692515645077156,37.2795152947598
315,0.10611003510215328,38.90884204126752
316,-1.1236539599899644,38.067807085894515
317,0.5332124500839841,38.981489569956814
318,4.3992881777905275,53.9358806473091
319,-6.028771473646378,45.54460162301126
320,12.211121037004666,51.99187885330504
321,8.187397099243,51.23842803628327
322,3.0616951510211203,50.809209281758925
323,4.402900385941868,52.86089246445074
324,-1.616857687759519,40.83513265138602
325,3.0712397433124448,47.59036735864342
326,21.34600116073005,51.463391296548245
327,13.477607539454947,43.59230548642855
328,8.460915931951106,49.92746269841341
329,-5.415684971844483,35.0969064969158
330,26.843163161122984,60.417131045800495
331,8.629395782860422,49.30488666224989
332,11.20250195647462,42.63288774255811
333,-0.7668994232862025,40.543114903145366
334,3.7868572686579873,50.72307310168764
335,7.921399382404227,47.43079494422337
336,3.6196482353206743,53.09786388483891
337,-5.292855661458127,37.67688959762771
338,9.971338629660776,55.472536684015324
339,-2.6162523627057843,43.29378248102949
340,8.35664533705754,47.76746894364838
341,12.901348009798493,57.70701091631311
342,8.788795822363374,44.21090980897837
343,21.236788626933482,47.91780658222466
344,-2.8917347234197264,37.35714297984313
345,18.630826845826768,60.49480054626946
346,20.285508101480875,52.83138736064986
347,-2.8371248460163514,43.132394139688756
348,6.468275613066424,49.796574394102876
349,-1.2263361866625389,42.012003082150414
350,18.430817347158712,48.81185133693504
351,-0.5761811982873837,39.13077983874231
352,13.130176442220304,52.535875532219265
353,-5.221122717762229,37.162447738794846
354,-6.325256542257086,40.53253283987155
355,7.802650042263178,50.91247591282961
356,-4.1072480618407345,35.4851436461118
357,13.358274837920655,39.582869971741154
358,3.1246259569026695,39.47897447192437
359,7.186381991460847,50.14371700887837
360,8.6718715715625,51.11916743411083
361,0.12079411801573978,52.29606838547923
362,15.30891608663832,46.768800550631845
363,7.832742764365434,40.38830020493843
364,8.63263345521186,46.456057719030255
365,-5.150179357906267,37.31846359384367
366,6.710322260815922,49.926179534593146
367,8.78322366100309,50.70752032984703
368,-0.16142925770569777,36.62515450833889
369,-3.108379504054502,43.70834196480309
370,8.03182956435763,52.99716559254752
371,11.980658449446151,46.25625003403611
372,15.646212616144165,40.83877072281298
373,9.640406876943286,45.68134378387051
374,-1.3971699115907665,40.83253260467591
375,10.121503054713147,60.399592710056645
376,8.740295412787253,43.534398187199415
377,-1.9299253464634945,36.836180277454204
378,12.901063614445356,49.978382349064276
379,10.965563528026589,51.39510681511509
380,3.690413232197852,52.33564746449074
381,10.425392413624909,48.79571444652513
382,7.570672216645985,46.0563525616873
383,6.342112150756423,51.586432213461435
384,19.07592758433662,47.22048741291887
385,-4.85891877215235,52.72220105484202
386,7.116757603840121,53.591203439936024
387,1.7337176640305865,45.79948361734359
388,11.342938430960764,56.033496971233966
389,11.389862220742693,60.4006293353183
390,9.140179123985437,53.00029249771319
391,-1.2002398430508507,52.311546267792316
392,15.165393923254161,49.14428983451571
393,17.945132484255286,59.23930455548643
394,-6.97157932193744,53.25865521052282
395,13.055952064912333,51.11436100454671
396,5.271451847125383,51.835985937996405
397,10.167553567335968,50.9764995162009
398,-14.237321591288522,39.0912979844478
399,7.738814388528903,51.326360057894355
400,13.967175004859698,54.63933155410854
401,10.713947326415298,44.9295775173061
402,10.468333028798014,50.672550580222094
403,5.100489100044829,52.34310216600603
404,4.150120500629288,53.427717144756066
405,20.370759378280667,52.527620113870555
406,6.764171764043575,50.88705969730183
407,17.949962425501095,57.54840397083503
408,-6.183394858396242,37.57608826502356
409,9.492059610557618,60.64404929557317
410,-3.250078303629799,36.55009411462281
411,8.205510487652443,49.00531883786319
412,10.58705597718895,42.712931792881655
413,-1.085833525353856,38.7668355298444
414,11.92798072245873,40.82114733838443
415,6.013506368741779,50.93594588704254
416,8.943468429760644,51.162286403888686
417,11.43032545473653,51.30703601576741
418,13.776092134173282,41.74033798929731
419,6.565762154522321,50.861814630288784
420,6.530563116729854,52.22251684674766
421,13.833482576322313,35.409930028892305
422,11.111413178479154,54.99283833248645
423,0.7156976350413915,35.835526562261165
424,12.258822415681774,52.53960974193771
425,6.463206454586604,52.74078709392655
426,20.355763412115028,54.11366343137016
427,-1.1974200407989677,39.04671623564515
428,-9.324027695546052,39.3833633820331
429,11.450431086438517,49.90227455563054
430,-3.9784190851208274,40.370794393208996
431,3.7869942923481474,41.18129700845115
432,6.601445244355567,51.2137572207815
433,8.052844872622455,50.379435211762676
434,8.830513598134967,49.30780566703599
435,18.379262432405753,46.82326974133197
436,-4.912462307145523,35.80637887402686
437,13.084791257956734,56.4372752750446
438,7.274656079032681,49.62652971823435
439,10.566374637814617,44.98395195436572
440,3.1381826798527226,49.08047206305809
441,11.914642105421011,51.41531725554079
442,-0.6941204669496817,36.97729683588758
443,-0.9086080041958846,40.434219323952554
444,-16.913019791675612,39.412847629995994
445,5.201953502717258,51.96683333945123
446,11.670140828369163,52.53800272862752
447,2.936732728019964,42.18674590697404
448,12.782687022253914,39.824347626508136
449,10.018702452189011,53.401158992940246
450,-0.6271746817468982,40.98361659883271
451,7.771138813330681,45.96447295608944
452,-6.7812224072328995,37.55921035714469
453,2.139171604150682,40.505878398326026
454,12.865484807199797,41.63637016299148
455,2.1894863954034243,39.27100756903967
456,8.548204888766385,43.137551900607406
457,-3.5085592938314445,37.27808272313631
458,7.8828641177999375,51.0225405139181
459,13.567410623565262,45.46620556870982
460,12.707865915309629,42.83781651913002
461,14.939664951295581,50.51087377236536
462,-4.843215819930844,35.92786995593356
463,0.357222631650655,38.67643028697192
464,-0.5888848592400288,40.0088458343099
465,10.03807541241286,49.31532784192283
466,-0.5153595923065513,41.489179200776555
467,25.631021803650942,59.91051967224738
468,10.730828450514654,49.50135679645493
469,12.939015708637177,52.9772472496288
470,-2.00234122690763,43.145320539865786
471,10.475340780053623,52.19669797446908
472,1.9945272216955054,48.75137135921245
473,6.0874821162179,50.03455093270968
474,13.080760855146812,50.83893370959938
475,9.177509268308162,53.7563377722011
476,16.080802630003447,58.64841902146154
477,8.75461769184014,45.71841081144702
478,23.57373478655586,60.13453609248578
479,3.0240244220231585,39.281624395407
480,10.53760951961091,45.8771057333551
481,8.314592521648837,48.50944998443389
482,2.4325766003686975,46.213472971826675
483,6.0089120102810725,50.889990996447416
484,5.833879024698825,52.52472188178308
485,2.527628460853969,39.04314564063215
486,-8.01179035767943,35.86568088367636
487,12.340189664180766,48.39678949243224
488,13.599079070108788,37.98401865446494
489,13.356832210911417,37.81814108440487
490,-9.142065407599056,39.42498222422558
491,-0.7433196055056732,36.681580121133976
492,13.772592933192286,40.09326856529094
493,1.0934131433603922,38.204054143472106
494,25.527568602350847,38.079778354908036
495,8.224052626119674,51.40807635093946
496,9.070997704532182,48.52445981714816
497,-0.973866832071127,37.269594337923685
498,10.912700946127028,50.34548761818017
499,24.88608433656735,60.46228107320429
500,25.03081450249197,39.37968347174512
501,-2.192200069689232,40.129227751378245
502,10.11451511532404,54.92723932586037
503,13.576959221026506,50.692273402870924
504,17.492668035291352,57.54654769172186
505,4.802855515771354,51.09223758204097
506,1.600118320021663,49.92602712731514
507,14.78201779740872,50.069032706988274
508,-2.23078359678281,38.03940151958325
509,16.592537618329313,47.61255303870783
510,7.814190303644869,51.81098169003042
511,11.179741975319777,49.54972178649702
512,-10.307452742090295,37.85558287729302
513,8.282651182037633,59.01344342402937
514,13.483522781694203,54.02139464651839
515,7.201329824595933,50.72887837073052
516,9.926105999458795,45.68033802178138
517,-5.478728661978662,52.24472409620944
518,25.53199502421768,38.563179073518945
519,-13.43792539080703,38.09012565792952
520,6.2954201673926296,51.09088657490706
521,12.872194079057225,39.21367060476988
522,13.692758718298396,41.48418507605264
523,13.41843460996873,45.241172561827696
524,7.652986497081509,51.26433441365022
525,-2.430932141114411,46.036146567939724
526,-5.454039131988445,37.64563986622987
527,11.280690191643528,52.93755268860756
528,-1.2541973373559536,37.58878159316834
529,0.7695118362296764,49.051636437911164
530,9.427215199470819,49.726338702602646
531,15.083285444731253,52.14485519802992
532,9.562100292186713,53.747968112178285
533,8.25916837507634,50.46799366267489
534,-0.7838343304719162,37.85259101783963
535,-16.019708823919554,39.89752567983024
536,14.106974473362428,38.634056086512985
537,-3.6176925897187893,44.16009497584905
538,18.85233692628834,49.183559151604534
539,24.0514944570602,58.441535602658426
540,13.716533325782283,52.85711804157741
541,14.447648915555556,36.901367330412604
542,-7.712378870652515,38.71762235936634
543,15.380604915124405,50.222775047283974
544,-15.392731258197474,38.17260675912626
545,14.598945881768335,42.75015197786304
546,8.922041978695415,54.072557983112844
547,5.752224268312315,52.18978617687056
548,6.350230996834886,51.97221432446522
549,-4.965135752794957,43.35025613083105
550,8.961895257446136,53.142274137912665
551,-3.823033543240241,39.49423713215912
552,-3.661933104409223,43.63113407783494
553,1.2566079200597189,41.29232962649453
554,3.1044372798373536,47.12793487743189
555,23.438345951279185,37.178336272452505
556,16.26406217002837,49.60236154060746
557,13.689398653079023,49.98028170834147
558,-0.24591890459103727,40.13278956515801
559,10.788425151905878,59.8419514626996
560,-2.2537053345748492,42.1035782773902
561,1.758396193255379,38.62274420667228
562,8.783980964906428,53.26137817505649
563,17.64496416404747,59.0820081008917
564,18.373213041366128,48.163987648278045
565,9.068563732272683,51.16633494850744
566,12.63947452616365,40.80232912937817
567,14.069428421637518,38.04806083572473
568,9.560822354268156,53.59414048401522
569,-3.4505623685421143,37.32110488510825
570,21.868673538056182,50.31857503254236
571,13.407035779408218,39.712956772981244
572,24.959781456612944,58.92614130070975
573,-0.37907107893705694,49.59763979919163
574,9.843604782835868,48.88228858534936
575,12.55105314846624,45.600051640566576
576,11.440842782947152,44.66464831631
577,8.073791257086082,48.0021999920912
578,7.369330145770485,50.45228698524084
579,-15.23173198732597,40.10991741789175
580,7.1409473363959535,46.36937060181001
581,-10.45601872414371,38.62523528340767
582,-9.058943848276412,39.752181617789105
583,0.4933638974421763,41.175075323876065
584,-4.344689071188199,36.47562391265469
585,1.734498652481511,36.82842447950945
586,15.192958850656781,47.10000912278955
587,2.3942477176886516,50.56844194566911
588,22.432977620831142,38.40309519745622
589,11.493600872302254,53.495842194971615
590,12.685668473036568,58.56923887150705
591,-0.32619239147460755,41.61421488159074
592,6.519036379416517,52.99643997149571
593,18.89382286893343,46.83440736193514
594,4.394206534337146,53.54943378883063
595,15.39787281109351,39.065788956939585
596,-4.891215203150927,38.60832467137488
597,13.737696039509755,50.47055307896783
598,1.0798880055717344,43.66480482937224
599,-8.127964577606974,38.92234929872606
600,15.948370478788094,49.52533045426011
601,0.43243584361750953,40.31967778614798
602,19.910021049950554,49.97994809799409
603,6.732667116885256,42.120124768492985
604,12.71563308387644,54.90489314642254
605,11.85468919353217,52.165798020910145
606,-8.113640046067168,36.833855639320056
607,22.66636707356352,37.480658429689576
608,-9.83442572759839,38.580334314084226
609,-0.5097654682360745,39.02321424931014
610,-3.734249112839466,55.83789420236234
611,-1.3694383256952203,38.200809219299735
612,8.139024543309676,52.5674278336547
613,9.14124915226624,47.28759235541511
614,8.363497827450592,52.710127693868245
615,13.103990404199076,55.426997936131784
616,0.9872166904706532,38.62850275888544
617,22.996217922994244,37.403121593543545
618,13.459439070620208,46.626377851579996
619,7.484108811058995,51.472905626684955
620,6.764357520414704,50.47389450006441
621,11.386720308461689,49.42230549767968
622,11.523838634703417,44.9856077617156
623,2.16846765168945,41.1882169182695
624,-5.619764093816746,40.12146321360892
625,7.9936665939134475,51.36975114549561
626,8.321071584740482,50.85473011418137
627,11.637747661312405,46.72276950098109
628,14.134651284073305,42.52314047729099
629,-2.948936759643894,46.03032746380266
630,13.886742924835836,51.636076067809526
631,2.2892830277875182,40.6079240081653
632,3.3351478123357,50.134963525929244
633,-7.763812365285224,37.16881036537158
634,20.960528156371616,37.58209919941649
635,12.714651076742197,47.52812746512535
636,-7.7789511888110505,37.03787490658823
637,11.191806185170023,38.22681573940198
638,8.264079415260575,46.87195217471921
639,16.456476913178975,49.39654996602822
640,-9.006138237874152,38.793968066817605
641,5.124946537390109,51.126733575691
642,10.395448053325076,49.56637984996722
643,5.446934475813035,51.26381655247473
644,16.69928892709082,47.997040548063424
645,12.985107025009967,49.98651655138179
646,8.78798602465613,45.50481913196217
647,11.125430717624846,53.210413225536136
648,-16.264495081809642,38.317573731887634
649,16.41522963207708,47.638495191728005
650,13.477290330152234,51.0162778767912
651,11.182511753224112,48.7493128007665
652,-7.112938814133859,36.494631003806
653,7.668395339682229,46.62393813644444
654,8.550442031148561,50.07310814392448
655,11.984949059991068,52.028292720656765
656,12.049105690233343,61.19081398114971
657,10.722971635757174,54.32885227683575
658,5.263336527095194,51.85506617888081
659,12.385401831902385,42.25687066503515
660,-9.022155656914197,40.150920416354275
661,4.061051223483004,40.71520850813816
662,20.260616771900008,52.69868504542164
663,7.1040874332967805,51.576656685047766
664,14.05599031944705,47.965330149903544
665,12.416732972212005,58.769978062599854
666,2.885588439300784,49.87205298659436
667,-5.670895994429627,43.01743060580186
668,-1.0904700248962156,38.49387964453727
669,0.42968572418012535,38.79738529969657
670,-6.22694117395067,36.274280291675396
671,11.692510281783013,42.19504362569554
672,8.108264120977825,48.01156315231503
673,2.328803710530558,48.36042638992301
674,0.03617714294600216,39.955232127669305
675,-0.27738002947759954,52.226302248797545
676,4.331206035847996,48.303188713010684
677,9.584198380504063,44.54564438221615
678,-4.237214149445349,38.34969453013956
679,-0.8407936638433969,39.95015331117786
680,-8.006372883418944,41.83249262533893
681,10.340407795595405,43.582405151503785
682,3.205581686302203,42.29620230508182
683,7.3519411041571985,51.66805856377036
684,10.836492761698635,44.89503045163652
685,9.260179027412311,48.41043853669693
686,11.029404245625377,50.358990653348236
687,12.794102746944542,50.963777424877186
688,10.131829166223518,52.44085411202904
689,-4.329453772503752,38.09315239349573
690,-1.608924020047963,39.323323745377664
691,-5.79992972970482,45.333345909432
692,18.726186140459546,57.91642662016895
693,10.9966832787779,48.77652462424421
694,7.754139796424813,51.328312081941704
695,25.454509562427127,60.7393508551351
696,-3.66370527378728,43.98509932980667
697,12.365847050891945,42.324340446375174
698,-15.155098674943586,38.67808813167639
699,11.220113471409324,43.49982460324858
700,-2.9654988902333703,42.55269845648422
701,11.264804624333351,53.72943904242816
702,22.471993665906624,52.26332063038964
703,8.033561421074973,51.04641691406735
704,9.788006808880038,51.672436699088216
705,2.931449463284444,49.409539144729756
706,22.968975821920637,51.23597039486404
707,0.6377273766231801,50.07468036357199
708,8.801739075374647,48.22475553512758
709,17.446608631936943,50.381809139274786
710,3.0842049406250487,39.87508497966767
711,13.492550907625507,52.614631989414015
712,1.9461491462731901,51.45552602749025
713,-3.6251317938024563,38.381801949536005
714,4.7903393712291304,51.57300271859438
715,-4.37049195243854,36.241252632739496
716,16.541625654512334,47.18745636705365
717,18.231116243664527,58.05339246104941
718,11.331953314900431,55.44689101035796
719,13.182229912474403,51.241460011581204
720,4.650883734570818,50.18320022486511
721,-7.786434447359024,38.51994232168849
722,8.41386246690264,46.46727247339693
723,2.494509138279218,47.058802003261434
724,7.609248357482305,50.454751722275816
725,13.530013028811222,36.59601854270171
726,-2.340502206376135,40.46374577508544
727,6.301089167758216,51.552283281687515
728,5.1034806879139705,49.64430776578334
729,1.0685801109017523,38.204574421521734
730,11.975409038111355,36.93549765852332
731,8.866114133768065,52.67775709915929
732,21.68811732000321,52.53371987559962
733,24.68015244439435,36.18245085737539
734,10.808553825973837,45.05088967473654
735,7.105109358554364,52.13290321481905
736,2.137103645140228,51.91117495711172
737,7.34207336066362,51.742673940583664
738,7.648545533614999,49.25786565392368
739,-6.366825702705488,37.305974779560856
740,7.12294163232586,42.45345720818929
741,14.091693295372453,50.91048138856745
742,9.132652596910006,43.38726709027997
743,-8.250466803296186,52.24680172739754
744,6.934917913208276,50.80823528118774
745,12.277503204902445,51.87833349440882
746,-8.893253333997592,39.10855021128667
747,-5.927709151347523,50.587631548941694
748,-1.3246528539720661,42.363534995809495
749,10.752959659760037,52.95982456580834
750,-16.419168539120246,40.98943199482995
751,-5.44850976948128,36.82313579256917
752,14.733146170585565,49.18108939866989
753,16.778397701642177,48.82096887193426
754,10.117105402592156,47.36006443905485
755,-1.2690847581806344,49.22008689773735
756,8.162990688021633,44.43953279940637
757,4.043359136693879,49.53501482525101
758,6.665046317461623,51.35039752366174
759,5.487871221088839,52.86766492177741
760,-6.1185516060979905,38.97230250122891
761,10.757077175961928,47.18209865313461
762,22.356830050756162,38.46008913105325
763,6.624695584327357,49.8932432077406
764,11.895098618324138,61.148630072981945
765,24.339136018897573,37.81299793952081
766,-5.112387512587859,40.680863368355084
767,18.984491671174986,47.83697461732985
768,6.979839940242858,48.30683129945265
769,-1.499837403838916,38.84127004163324
770,11.289922147190367,47.88785089086465
771,12.91851162259617,51.19242550794902
772,15.535069190523112,49.388169149355505
773,1.2171579001062827,40.55134033314637
774,14.93839430510845,50.826270110895784
775,10.204765077982096,45.033934614484515
776,-0.9699550599233776,38.110824384232004
777,12.141126582021064,41.3387743187634
778,15.598057881073737,51.045307450046366
779,-5.4652345093569945,37.08973123326462
780,16.468151594059883,47.64189348495763
781,12.244687560256345,42.889106819782754
782,-3.6278594240145132,37.83772227060899
783,3.446632652908377,48.940607628689335
784,12.999273518414098,40.315332809568005
785,23.98329604254167,59.60574893152577
786,13.76983753272289,40.204035022213745
787,6.8430800335921935,50.61935877598829
788,-0.7137488722178478,37.01234812674936
789,-0.8048176031334682,39.127316053257715
790,13.567879549765465,37.80654289785305
791,14.250144162420513,49.16091666540876
792,-4.063315340480254,44.72192568848087
793,9.311128058681467,53.37048242533868
794,0.28349301476277394,39.033943585766664
795,6.573974734797175,51.87019922429201
796,13.591450684526603,48.41941623385578
797,-4.052230667419043,45.92032879690556
798,23.624736603833973,39.51499197342325
799,14.391689183356384,53.723105098071095
800,-2.435127539626039,45.43173089387249
801,14.035293151108426,52.71351324507578
802,5.2671830472426535,51.240646499312035
803,6.231409053867524,53.839996525166214
804,7.251792922920063,48.86628229967666
805,6.899999343005439,50.675912620207086
806,-3.0547744327928665,42.095936086756105
807,20.48729139315969,50.15146606658216
808,-1.0194485867672058,38.37641833726193
809,-9.33306129582112,39.26867291526141
810,12.889077692894762,50.38505068775529
811,7.776909995205317,51.96409697070364
812,-15.089847741187633,39.433992232984636
813,24.669271491982897,38.44351470869532
814,20.384680178928864,46.95478419980049
815,13.016673464689532,51.733140003084486
816,5.883910241308852,50.78616963143461
817,14.480991425795441,50.01844768019598
818,12.443019828586294,41.44809176912982
819,5.924506039987616,49.02272876316719
820,12.30794836080085,52.73609820496662
821,11.041767896395026,51.536497988314764
822,13.080370609185975,61.69464477080308
823,23.88877571052358,37.14636514943917
824,23.597533796748948,49.35709748688013
825,20.307536431082724,50.33172704467247
826,11.67383123511557,46.23575171060727
827,22.42784931681502,39.65830865460371
828,8.959688373876194,51.42316472485906
829,1.7478793147518399,38.5029041378184
830,-5.666881945740906,37.313693999547944
831,5.630339676953415,54.47693873101229
832,20.528727713574245,53.76352218478941
833,12.240433018624792,56.52518641315486
834,-2.7857835416888683,42.683139791042365
835,12.147452736948258,54.67399824947401
836,12.025619038102821,43.75452998666718
837,-6.075095245927145,53.225670034172566
838,12.409012248781348,46.490497066026876
839,-2.4389089899495335,42.14836131043387
840,19.095555194264005,60.88796480833251
841,6.387721971031008,49.00726745641253
842,-0.5046158585249249,38.961165749719385
843,-2.977556499241966,37.70147890285247
844,9.138703028647477,45.22091049806466
845,7.514846984039163,44.368971970988156
846,-15.929442045037796,40.42163868379466
847,0.6881857244116966,54.050958252570304
848,14.548468967123604,41.45378557664537
849,-4.883745939516778,53.44774963408656
850,18.83854844822317,60.19725039249914
851,14.150094906015058,43.04895437156342
852,0.24837318025801158,40.65244784249847
853,1.175480567196486,40.32410263340227
854,11.90508546024596,60.61937550989872
855,23.270314439312443,40.14192316386093
856,11.451348704089991,59.71654564593001
857,-16.703058469409317,39.027198671152355
858,4.6604152729028865,51.566431667858254
859,4.937972197338488,53.33833949429751
860,11.869202936791197,41.956413377628884
861,8.567103603716532,51.624097914093355
862,-0.37475234197855106,50.48739539607563
863,11.50680261529788,48.702739843017476
864,20.392695457864505,53.47788961338151
865,20.083764313800692,47.3638120867728
866,-16.142918437801907,39.07813478816977
867,-2.504651954346354,44.1476446223295
868,-9.422943314445577,37.85434754638009
869,12.384641028890588,54.72806828953671
870,-0.29060094523789815,43.58151984826849
871,10.527343176020445,49.3930344325929
872,9.301982649245936,48.893670302910344
873,10.70101278193879,52.196679984534306
874,8.613843210996166,50.697412860835705
875,7.0194311965892675,52.64133080744878
876,8.067993241354722,50.80154539039422
877,7.2067942503340054,50.49391832591336
878,12.024746049165511,52.529365852880446
879,-5.457872186507431,37.436906608557045
880,-2.316126515720471,37.215052534299645
881,21.38343609375101,54.07110562084691
882,15.145544781935227,38.95577751174962
883,-0.21458217579150443,39.663431130616544
884,-0.6123871126572517,51.36306079909042
885,2.1443824536312004,37.83622978872596
886,2.1185483479486145,39.97539272025117
887,7.338182395152209,50.34399728097367
888,10.5437742128472,49.89493222643187
889,14.271537229821464,43.140106181734346
890,-16.2322585394486,39.695590068989375
891,-5.968884387818277,38.06827938631564
892,9.223251773407007,42.819232679828495
893,-1.4016011943568125,40.89710156919759
894,12.642537983892465,46.83663869688814
895,20.71759248432805,50.43951355118884
896,-1.2200691589326706,44.27051440549202
897,10.4447576410151,48.466266807457274
898,17.92171530866408,49.52739326276069
899,8.314046562538248,51.09478934503006
900,0.36547022024423836,36.46201772660629
901,12.880580604115963,52.65623703482074
902,8.946595913657877,50.48208619381428
903,24.206804221983127,58.28485995768537
904,13.089706015692535,41.684111512010546
905,9.727982858978162,48.42293282931512
906,16.222977047133,51.56829025945877
907,18.47680494734854,47.04009192639044
908,13.48156331679625,47.030791073391995
909,9.916310940586687,61.22384793738087
910,12.556436136949852,57.63626781339399
911,16.195108713251063,59.02864865627754
912,10.856571020239596,41.86470646202635
913,10.709097385097484,43.15564975860306
914,8.845672966571414,50.254240345988485
915,16.818367214428054,48.774167757441596
916,8.1681193147883,52.357483924153854
917,8.381444053837757,52.187702593420774
918,9.167903433335043,53.171665450852025
919,12.285957538945503,54.42766359721585
920,-1.2755385015323766,39.310696688063594
921,-5.9239820738464894,36.32531523725646
922,-5.1260826814958085,39.56994307600302
923,20.010353384415456,53.12283863528029
924,10.049328392920163,59.41132427230797
925,19.412710584240294,48.33518399227512
926,4.5841783772469284,51.34930915691987
927,1.1265111841422069,41.5756087712615
928,-16.362953027778843,39.29199962102676
929,14.627704576046979,52.968280332866634
930,9.735709169967341,48.662021336321956
931,13.257594624972867,41.598453069306856
932,3.5084385999516283,49.92179262541815
933,2.8573680494779694,39.26790362045952
934,21.716946990940578,52.217569361386346
935,7.010706881380541,44.21527567826242
936,23.226313703023248,37.88322278275166
937,8.8341627727731,45.56828043527662
938,7.460903175484394,49.77644728145307
939,1.6138921372376847,42.61540354612233
940,9.190413069950175,48.052308571772265
941,13.117204255952602,44.17173482044291
942,5.8313069326075295,50.58377154840157
943,11.708561264017966,49.71130202975692
944,-2.3628902938058562,46.254722208862916
945,10.441214405356902,48.38324642005835
946,9.81841470272083,51.666305369788674
947,-1.3502886997516166,43.38057744638105
948,6.964123535814899,44.851466411480075
949,3.4104748031169034,41.11038041686215
950,14.849055522885752,37.59804403056461
951,11.013877916963695,52.09695714857934
952,0.4862124698969026,49.977459268285386
953,-7.446114786257625,39.58108518233649
954,-3.9807813937034187,41.16532338439583
955,3.6646571755310555,46.40508217807821
956,-6.209229416886895,36.822138187191044
957,11.327116950346497,46.26860075593142
958,8.464432195472869,52.904985259379075
959,-8.110124482540096,37.3764437415868
960,10.3464390848745,60.23156096155003
961,-1.6275555592675133,40.50415559750497
962,-2.6920690723635157,42.51143314211229
963,-3.330558833234049,41.25216466920355
964,2.562898263139616,40.78255158772926
965,12.954125889856384,43.28099579435305
966,6.6820558652459985,52.097851910918045
967,9.298052726852262,49.025181042899106
968,8.59316584661761,52.002723861384226
969,14.066349497986545,41.47289972412411
970,-5.2764552240711025,53.43566512769791
971,12.815710573705815,51.41533088964885
972,19.670189026683396,58.924427441260704
973,8.502374737292762,55.403501641173776
974,-2.300278935760094,39.042883903412076
975,2.854533791371793,52.450279009865476
976,9.543196792446764,51.83915298136182
977,-4.341997838935188,45.57866483142073
978,11.63620275246537,59.4188401591713
979,2.9631406828427997,50.379872947233494
980,8.839506673616004,51.32906288573788
981,9.804717502877189,55.24048356502782
982,18.004098631917987,57.553987463598986
983,12.173168475943971,45.74971116412797
984,24.398632836470508,38.06794652997981
985,-8.014540816097815,34.81043073779287
986,2.21465625618987,49.935070283238346
987,13.085729246484954,42.043553034389966
988,21.03149899624095,51.22536274255968
989,13.45734199634403,36.19154547586103
990,5.250146629384774,44.27161659143417
991,4.207574586138769,52.50736942062148
992,13.470612775653754,45.779899945231826
993,-5.891025760834576,52.91005963591671
994,12.372892992380581,40.822140766162136
995,7.446456476352091,52.070836053708554
996,7.741307150407082,51.636874081963114
997,13.645250851064175,41.41513108866513
998,17.336523128822307,46.80971785958242
999,14.455040334737225,54.67082276632831
1000,18.33593466011734,48.09283115607554
1001,11.155358133801146,51.348891198718164
1002,-7.984262770788064,36.553008124801956
1003,9.363758342566872,47.71293926886066
1004,-2.37911223933889,49.80789993568656
1005,8.902830473572793,49.54436490059165
1006,18.528738415080042,45.605380924308726
1007,0.25249857772020334,49.158209007227704
1008,10.653716645637601,44.721053918012515
1009,10.59822680272238,51.999470424099876
1010,18.470669719411642,49.54753241845838
1011,13.61610335915181,46.15074400016475
1012,12.213059953395543,45.15086033341519
1013,15.050574867088342,39.22292482135384
1014,8.393448223542585,47.636246118940306
1015,2.243350695503295,41.20941734948906
1016,-5.5400012379500385,56.082844275627984
1017,-5.1299294689735975,34.82460612486756
1018,8.880695363573988,53.876020917155834
1019,19.756756287378728,46.02371062145639
1020,9.857913042244336,46.23048171550076
1021,10.656421066977856,50.51463222363757
1022,-1.7546325371995666,39.76715145940974
1023,8.845754094935412,49.5459293426116
1024,10.960621232591665,52.43934325510831
1025,-16.657263497001225,38.79438540673346
1026,-1.4225865799761324,39.412563826080444
1027,1.4520969559059664,41.728009461560696
1028,21.837824848640146,37.6993975362176
1029,14.460537879930452,38.838447685872936
1030,6.345760782334462,47.06726684640714
1031,-6.311250051352518,36.39962691111099
1032,9.09088240869428,58.71854043268579
1033,11.693527278733127,42.47987585997367
1034,20.624642937693253,51.13467425220561
1035,11.766519478608322,61.734303424037904
1036,12.68643599990547,51.0508449724986
1037,-4.484154021689368,35.13848537718561
1038,9.022032891915579,53.82644883266944
1039,3.060956766494895,38.67589427061695
1040,0.0933916721193962,38.35117912558037
1041,11.35688828823298,51.50832019970268
1042,8.82314311002331,47.24973421208301
1043,-6.275532526640058,37.81403065398682
1044,5.951053280831232,52.497482245263384
1045,13.867762573141679,38.68310598332078
1046,23.81681711764362,35.96141976570744
1047,-8.452225206998856,40.854777172812
1048,12.85174384988822,54.557098822129575
1049,6.869627999264194,51.438888848366304
1050,0.34759351643926295,40.07332309539952
1051,23.16701960828832,53.22285691298963
1052,7.547260929682661,52.13012627895766
1053,11.744437051161484,51.130549055385586
1054,11.474960738732307,50.89365857290617
1055,-4.940392526806287,53.47600806082074
1056,-0.701291032850641,49.49229125513904
1057,12.83077740574173,54.96143737292333
1058,-1.8133077311209491,38.32118401334469
1059,5.957171325196699,51.60364293019433
1060,11.964541461941737,56.07778991754848
1061,1.3969102237953426,49.02990894871759
1062,15.394058263207256,51.26935146120997
1063,-7.56054359397991,36.41363999069461
1064,2.720268243015519,50.03356109141736
1065,13.608501870345917,50.32498409776845
1066,8.616367481185767,47.127445763064934
1067,10.129632946039864,51.87851332157134
1068,13.476391019160525,46.96271553701355
1069,17.854389830552112,47.60971955697225
1070,17.547837299438825,59.24174067003104
1071,13.325171069198232,49.75003351041167
1072,11.193591639196011,55.22493084001586
1073,11.02588235429386,54.1654549990875
1074,8.76152340384493,53.68567380473572
1075,-2.0683828891151195,42.54179165007355
1076,7.8369820917856305,50.70996941026463
1077,11.07900059908399,44.890923413461365
1078,-4.128317096831124,46.28663914318956
1079,-3.8745987759433684,38.374787230772355
1080,9.523103803337486,51.17587242277472
1081,-3.177551549727809,43.07226912875262
1082,0.17069844436109483,38.53871629954387
1083,-0.21968660444501065,51.37360906079916
1084,24.543656809670367,39.19713424961376
1085,12.341788930946707,52.80959866287164
1086,3.315321758137363,40.249579217372585
1087,6.935380133303461,46.99437365271369
1088,13.023414852624631,51.95742350669916
1089,11.919443038113407,50.86833071163436
1090,9.183787795533185,55.59797094011496
1091,-1.5351421202687527,42.103046451540564
1092,9.295474068758582,52.975505190588756
1093,11.123411015717311,53.88957024283038
1094,14.789057371011362,38.57966998242402
1095,13.544609640830174,38.321682991248835
1096,6.135675386321431,52.5963791066282
1097,8.83933674305554,47.72718006235716
1098,10.83289163972121,46.50881437884063
1099,-4.444337437343721,37.83643561725948
1100,12.16708755883008,43.38355833957145
1101,-3.3471658099240544,36.94057650786963
1102,1.1592988552618786,42.13137409848316
1103,5.4502742068076575,50.785303451305516
1104,0.8512298199901697,51.362185912890666
1105,10.743690378037222,45.18539841147128
1106,5.376942775836974,52.74864041329796
1107,9.023863164425512,44.36376470957685
1108,9.219787064673687,44.80172604352935
1109,6.182518556014699,51.31643775146434
1110,-15.96268740766122,39.191347291525005
1111,6.401262310746567,52.95569821284974
1112,2.7824941975441404,39.665460067803245
1113,-5.423103748580434,36.22456042685496
1114,11.135674275069352,53.506001040340074
1115,-2.1990276780549416,46.02971279388385
1116,13.667589328178543,38.448768116979124
1117,-6.004337064860931,52.87588201970428
1118,15.688083284350048,49.56327450214266
1119,13.025979127987625,53.114175024627265
1120,-3.6153026774854933,35.44175928753598
1121,19.834330645161867,52.917176609394474
1122,10.972473500982638,52.33144827229825
1123,-3.5082659630822723,51.39895029985228
1124,5.658109408982474,51.71614935238901
1125,2.0622027587090694,50.42390951698299
1126,11.615805661952647,49.58554044833355
1127,13.831806915379582,40.98724818742607
1128,10.78633278779859,60.48400470588056
1129,12.009799511771297,42.68249365817853
1130,7.070772375963902,52.03657869479417
1131,18.740103808189897,47.537222935692895
1132,2.4956092545946262,48.960342232034435
1133,8.533586836328169,59.06182838270117
1134,-1.2236597371959994,42.829880537375516
1135,21.980937197168302,61.18672433630095
1136,0.24008487508252108,42.990833718210006
1137,-0.47510247978783704,37.71250061123433
1138,-6.145776749370623,37.45254072807439
1139,18.17143624690954,49.65113805867894
1140,19.411929524682982,53.24473492655696
1141,2.5679611113125365,40.374928215418514
1142,-5.833724044151985,37.01714234454163
1143,6.362475777962046,50.96688945270569
1144,10.24838638064494,45.03433356530882
1145,12.883529148837297,56.700724609801945
1146,-5.769134779719998,43.30717124789117
1147,14.68115364316768,49.31407588653834
1148,6.321504649235293,50.75018335325914
1149,13.755389429275018,42.12418392996126
1150,-5.166312859996447,37.29190450358176
1151,10.815565921203858,50.91182369876847
1152,-9.416298038987463,39.53263191981023
1153,5.189519058048167,50.973152217973784
1154,11.585432166921166,44.802769434707265
1155,23.176523284711518,40.08125525385618
1156,9.250386311677731,45.14498858666766
1157,18.573358179525822,45.71434872360638
1158,9.666054364406317,48.694322744937416
1159,-3.153468108114869,37.32484908900635
1160,16.771788881401218,48.65041015788291
1161,5.425701347184598,51.74538042924058
1162,10.496359657368341,45.87688570035314
1163,23.65300421401965,64.06071684365497
1164,13.290033656779093,50.70728685197238
1165,-1.0773601861437743,40.52746560794417
1166,-2.1844631136867103,42.0133330064163
1167,20.69438892555449,46.86044742633524
1168,-6.009739256627703,51.81584619247427
1169,16.777252797240827,49.72212664956547
1170,10.752390337889679,59.53174528029471
1171,0.9842939402852325,51.57698706797272
1172,0.8005790777460953,43.30334025634143
1173,2.1786841306893225,50.09368773823161
1174,18.998526281592742,59.66980483364672
1175,2.5397207399013104,40.69218000294634
1176,-1.0988227710226965,39.13857447936395
1177,12.033950912399522,53.728996250867176
1178,2.605041656896017,53.25206057313131
1179,13.121522729086427,50.18042831263466
1180,-2.022432074315242,42.002175127675045
1181,12.180099904499995,46.396654549071194
1182,17.48328748067152,59.88986230877041
1183,-0.6193563334925236,39.53448434350848
1184,23.779887926192323,60.737957374815146
1185,-0.004498447876816469,37.77717384571406
1186,9.567979392190114,54.354482839978324
1187,7.991710037589463,47.97244997474499
1188,10.544830065335075,45.362259858450116
1189,9.349628813735285,48.089925195627174
1190,16.201844740530042,40.09221833800195
1191,13.112872729292548,53.15867716195786
1192,10.166875486844363,37.967303099089094
1193,1.7073408687924103,40.4735163429342
1194,15.780597961203378,47.60535184232975
1195,20.17371890141983,53.099291754281715
1196,13.992553213505133,53.071147625715014
1197,15.335101782002111,49.191495422811165
1198,13.736384326641375,50.66351999795959
1199,12.03873427252778,58.99059363207453
1200,-4.498715201972634,39.76133317052661
1201,-2.891781704891601,36.932549030354615
1202,-3.3145369855976656,40.50856604390477
1203,-3.579892575967343,36.54823579635203
1204,13.220318517050782,48.5865687820026
1205,-7.069727971318267,39.68204111018147
1206,-3.4645329263725704,43.83480663334443
1207,12.59238399185242,46.98829946235421
1208,12.18218303355349,41.97068500711909
1209,-4.535973189513794,38.86564850393721
1210,7.446607143188259,50.750412600766786
1211,-4.148629196841504,39.133125550483044
1212,13.554936947544425,51.13353062102413
1213,8.067503386575522,42.919183137493256
1214,-5.708297760055609,53.069667051286096
1215,9.80775054739974,45.47875741551348
1216,-0.8313197620630326,38.945996991758214
1217,12.261144911479537,55.8474907811295
1218,8.81674171778343,43.75859606975904
1219,5.354696323522073,51.29668274375227
1220,5.740337896208254,51.03043930741833
1221,12.314314351071268,48.36870981821621
1222,20.137941256480577,46.24889654430981
1223,13.428538978166676,50.0506621031207
1224,7.345436511219197,52.49347135440335
1225,24.528287194769767,59.623785629090314
1226,24.593404728847222,60.28084835862493
1227,13.206783836412331,38.96233004979503
1228,5.398768509593131,53.389958248622044
1229,8.997182974126282,48.570202010212334
1230,6.077484345823333,50.212949203883916
1231,-4.977033706084292,36.940941309246654
1232,2.1168959816890536,49.742921095497785
1233,5.804941502104114,53.307211529217014
1234,0.6027042352131615,47.971144060976364
1235,15.09844559602852,40.67624550207941
1236,17.803001442529148,59.502762945496315
1237,-5.117473422664528,39.011972002241805
1238,-4.531310972161334,37.30001720603399
1239,-14.244244462358763,40.336454503052835
1240,15.66327482775354,42.591028715574076
1241,7.367158587461852,52.94415097967127
1242,7.355214177894837,51.70740526405
1243,11.279087123405477,42.663155359194576
1244,8.644883298774916,48.19809761324069
1245,-5.034231280832437,37.4833529380259
1246,-0.37313186247035646,35.63758387844586
1247,6.242677466584876,48.64312066887386
1248,8.247871950449625,53.26419943511188
1249,7.666838868211918,44.672110299675694
1250,15.209762203684457,43.61774624842084
1251,10.531391446670927,55.4053969974481
1252,2.932494935112429,50.01001802708427
1253,13.867389318336738,50.823024504463184
1254,9.166274701939514,43.50202595859573
1255,5.56199689715544,51.35418524060131
1256,-2.716091197254563,44.326967409353415
1257,-5.0576818714204315,35.77213012401416
1258,5.67409418842726,52.35087752516099
1259,6.698572024574787,53.25804568404524
1260,22.661043910913612,53.73835794299906
1261,-4.021531860731022,35.84523820575415
1262,-7.038216090764081,36.558300305871576
1263,-4.555865933865013,53.32167781870701
1264,10.99793023598876,61.00146458949588
1265,8.798077125569991,47.12622740290772
1266,17.3412331161964,49.4323622478834
1267,9.507317933678925,51.5092740558025
1268,0.14005479338727328,39.122339250568615
1269,7.835431831533866,53.784994815949325
1270,7.715529648051704,45.134075343651425
1271,-3.1922561767447215,43.83115024726789
1272,10.638538452829396,48.1765045819013
1273,8.65417978949323,49.2415009794156
1274,10.675851659448504,45.43701904368559
1275,11.9682645669643,42.36273362507736
1276,11.118731798465486,52.55213244102466
1277,12.04590678866947,49.44664521387313
1278,10.719906792472091,48.514889707777456
1279,14.044120241596827,49.32971343083406
1280,6.275107435918875,52.075466245227055
1281,0.00960885197404221,40.3431344047649
1282,15.711236518448372,53.97874733357092
1283,2.724637861379732,39.104293987827184
1284,10.144903599562646,47.88697384242834
1285,7.030375822991777,51.83319323154915
1286,22.26985027216997,38.53738904917275
1287,-0.7608040162752467,51.92812509937586
1288,9.54316051520421,47.7940476363917
1289,16.812485300580864,48.121448050607036
1290,2.4866675613959552,51.12991703609326
1291,15.92155661489527,47.1401831703868
1292,-6.858491925191065,52.45263936960852
1293,-5.745967613050293,53.460123141495394
1294,23.189227009890057,37.34474280495206
1295,18.645845184003992,58.03676445060771
1296,-1.5811384919460552,38.543469282129415
1297,10.233656853973436,49.22171597027961
1298,3.9549827631480134,53.956087089579455
1299,3.0899741853852074,48.32997672934863
1300,15.501156524335133,40.77719639418277
1301,8.549870988203338,46.61727644142662
1302,6.498703386815968,49.918553461996936
1303,11.926432422172892,54.76048197442616
1304,12.254768139887286,49.41610079836326
1305,11.185957871536084,48.335659658483536
1306,0.3314573168791455,42.983410418397035
1307,-5.2767550633189035,37.340613877956514
1308,12.407794073158627,42.85626096570627
1309,22.10186604156602,51.0949778811396
1310,11.293797701844651,56.668676434345834
1311,7.314873024731739,48.121800545618726
1312,13.281213625138596,51.7521324435558
1313,-4.175573519235857,40.10400961915269
1314,8.834673407944203,52.19813892773738
1315,5.568130994464757,51.85773470950459
1316,-7.838655147625927,38.86096653991761
1317,-9.515542920210654,38.51729013004847
1318,12.586233134050902,49.77035129497894
1319,2.404496678963478,48.56661871935933
1320,8.814544648403738,48.68992851685485
1321,8.706758625568783,51.8745162601011
1322,-2.6547463926871906,45.14331425509695
1323,10.825716903238728,59.87382899127813
1324,23.941567836727735,60.066772454881004
1325,12.137766791147076,40.612797952059495
1326,8.86354379679817,53.90303011375936
1327,-3.33810096890105,37.212701957300744
1328,18.99311479012732,46.836166894702025
1329,9.609611271730541,53.03767655740303
1330,-0.7553029288080038,38.94113987150153
1331,8.817397589703006,53.46212464401576
1332,1.1149720125402536,38.878675434129114
1333,10.228737078672758,58.70825439452975
1334,9.683742237057139,45.67794882740673
1335,12.292104457232867,48.609756453099756
1336,13.963711029337935,50.95528166231474
1337,9.267465075263848,54.395841909042
1338,2.114128129579692,48.72634610481859
1339,-2.4705808395626336,43.20994983649398
1340,-6.362803929246808,53.60849967691299
1341,-5.760829103720956,38.23265294036676
1342,3.022250982898714,51.908309837472444
1343,11.806995525495683,52.13604443535997
1344,10.457389600025955,51.28514411258114
1345,8.814424040927172,44.33019676788778
1346,9.048568250268866,50.51420183296543
1347,6.713236022893212,47.94835093878794
1348,-4.085368478189917,41.1188889995667
1349,-5.8900944774715756,38.56792897433509
1350,9.339231423656038,46.00771611207281
1351,9.233030331946653,53.07928611503873
1352,21.52412578311879,50.132431804737294
1353,4.886720349496736,51.72716282589713
1354,16.740107316198,51.19097381354088
1355,-3.656389557177461,37.66418037661673
1356,19.8211006784944,52.324530435241556
1357,13.180291216608923,49.53081922481159
1358,10.261411170053572,53.80196919164063
1359,9.014334329715652,52.391794679771984
1360,3.316406293637101,52.848103272389096
1361,18.15798708390783,59.37263356073361
1362,21.840733763469455,52.70644322762633
1363,14.155562062121344,51.10794170344906
1364,10.207612308257485,53.322023372089085
1365,2.0729440986227714,41.333483010570106
1366,9.573446694552247,52.42827374607582
1367,1.3193071301385175,42.106585788480345
1368,5.188556273067652,52.20850615731559
1369,-8.074164478279558,38.81974157081072
1370,1.8015859576645676,40.16565533641228
1371,10.136411570519018,49.383422003867686
1372,9.025646902818933,52.63005551405195
1373,-5.308111578708811,39.68872547512587
1374,-3.6771354227738753,38.09269960454021
1375,-6.902884202525168,53.00812089110484
1376,-5.398194469504291,35.538859185987555
1377,25.957884460175276,58.85062621604185
1378,8.516652834546093,48.06633529612522
1379,17.57504437148336,59.38433145863375
1380,6.454096920950342,51.77541467469706
1381,20.68724588614166,48.70646850327274
1382,-0.9906369040205042,40.74697358577421
1383,4.1514010316868655,51.5427566666627
1384,12.351576457098133,59.922518342748624
1385,-0.10251169716640163,41.76847614559089
1386,1.3364521903204876,50.26419343175538
1387,13.593275558287292,40.53595231726154
1388,1.380267658735717,48.31889309228286
1389,-4.725354350032217,35.9746677031113
1390,0.4590200174476496,39.72879363163497
1391,-5.718729176349372,53.1298348474878
1392,13.311027437767274,48.562612673041414
1393,8.289854964012207,52.19437695660024
1394,15.44155181432362,50.04257506365271
1395,13.624084846797986,60.92655402607848
1396,-3.146425328323221,44.55945257182356
1397,5.619680236543022,50.17125286426281
1398,14.35204618613291,52.01461402462921
1399,3.181802061676947,40.61998307975215
1400,9.588468847701174,51.966364578583864
1401,-3.0792203329535965,42.18634099271116
1402,2.620319000382322,50.222166442604184
1403,-0.790948346637834,42.20354297871593
1404,2.9077584380829498,39.48519806699703
1405,2.4825174952338482,41.28223315126266
1406,16.312029324223328,57.70189609909099
1407,8.16091993622257,47.697766438276496
1408,-5.355593910987318,39.11436988091744
1409,18.105121236983006,59.95177548174133
1410,13.988839454030968,49.67838051224672
1411,14.324486092830933,49.232169524984094
1412,10.436949032601795,52.970049373091314
1413,-0.7777723068772187,40.485791074055136
1414,-10.61048068040451,39.590417412176
1415,5.313464978575048,49.71982103150947
1416,-1.7666028115113144,36.29049959453011
1417,-5.924200909623306,37.598777221124976
1418,9.617873609798044,51.78199645653159
1419,-5.563690143532655,37.118907393675144
1420,13.241976356374048,59.085045169589854
1421,10.233369309040704,42.20681889439244
1422,-2.7611079947295396,45.273874338118375
1423,10.629957256138375,43.61770827615436
1424,-3.138921208394066,42.29889984216077
1425,12.154523847010191,46.04753033882699
1426,11.176204117770578,48.67670021223527
1427,13.099386739003176,52.0223328862726
1428,10.807485825352241,47.94139018651871
1429,11.681363709114635,55.50744695972555
1430,-6.748015533917862,54.205762504355164
1431,-9.617289354709245,39.61630750656969
1432,-5.090368401994343,36.23401104695277
1433,24.196053862741664,58.6846814048057
1434,17.502059942562823,47.444550606689766
1435,-3.111236160970261,44.763674279530576
1436,9.511912183489574,49.42464546780831
1437,12.396811623002742,50.086863057882276
1438,8.190335682292277,54.72991893997502
1439,1.5485344636982494,50.521162720377326
1440,8.152118881891084,44.537151154824976
1441,0.28301308685371196,51.259881784645906
1442,11.725922206134744,51.33164263649525
1443,1.2313955984038762,50.34601551658429
1444,12.932675774571148,40.99324556020319
1445,7.2719795650949015,51.518012949307646
1446,0.852163808632489,37.820281388981485
1447,9.144587905224288,45.996325428344136
1448,-1.0987038340632402,51.03993569136928
1449,11.884587027596181,53.112107792924974
1450,15.847886576659914,42.63056717651523
1451,9.7975555210543,54.749176145046945
1452,-4.027370756785925,36.01457101578132
1453,2.7110811907407517,50.121528899558704
1454,14.464429394717731,53.964535109849955
1455,-6.539136981727972,40.96260870964939
1456,8.724538846292376,47.61660035079104
1457,8.252165976301427,54.066677763579094
1458,8.72840874215984,52.6706511625487
1459,8.697355006657673,47.0711822715937
1460,12.791166926686344,47.503455308223224
1461,0.6337339450281247,41.54341335954948
1462,5.778243563918475,49.88314166455593
1463,6.536693269223734,55.09010522551101
1464,10.837779521396946,49.48303661905581
1465,1.422722984325303,38.55753675336248
1466,12.433253538492199,51.69764926613942
1467,18.73571219775009,49.75127838946939
1468,-4.978880302860788,41.02224509446867
1469,-14.395322451803912,37.2822330621523
1470,6.668684960394742,51.33649034063449
1471,-4.50131019756728,54.39039271309459
1472,16.37550240046259,39.536510059482104
1473,14.529763823022488,42.65384806779508
1474,12.882094265356208,38.52885193656376
1475,-14.843582088402329,39.763761262196375
1476,3.7692830575674137,51.711167449542515
1477,-2.7350397152649806,41.662131890761664
1478,2.441855768210279,41.33607505734852
1479,3.770830678843283,51.04131981405587
1480,9.999024188318165,50.66340765090067
1481,22.135416649242675,37.91096545263968
1482,5.168860519104648,51.23470447987448
1483,1.9216950156841637,42.18405810124927
1484,12.760736287069633,36.49548478777703
1485,-1.8434211670593328,38.12987789717205
1486,4.350989344497427,52.88487399199402
1487,8.605096148622692,47.3109453118239
1488,-5.221122387231952,36.62928629550435
1489,24.11290797975139,38.35730654308522
1490,-3.931336989274644,36.98815827349851
1491,-5.161972237424338,40.640513624908905
1492,6.847859065601741,51.322543355378386
1493,20.95331654854122,51.67799083292987
1494,7.1918457651041985,51.79814993953892
1495,-5.554387454959198,36.346459961866444
1496,-7.671217165337563,36.51652822789407
1497,12.867802566820227,48.2944651184074
1498,4.789233604792124,50.943910665541274
1499,6.149543539110228,54.037993551519286
1500,17.519727202320507,59.46460809338281
1501,17.83962993333143,47.83359601076334
1502,-2.7064573765074407,43.17522474174843
1503,13.882342268536059,54.918407427533275
1504,8.844264406435538,47.881962540045876
1505,0.09144756222783679,41.841982514785144
1506,13.462924820945924,52.529313492775636
1507,-5.629905909650617,53.055012956955615
1508,-4.701088809343169,52.61770621243155
1509,-4.49953354968701,44.920474305739965
1510,9.274467837605147,52.413985292871246
1511,3.227745907373544,50.24415030646634
1512,4.332807082553111,39.76873859449296
1513,-5.535913507130317,51.91900179343374
1514,2.3427702124815575,41.62629330746003
1515,-0.028491474996376442,40.563827771332356
1516,20.385130670904687,47.94730622869747
1517,-0.1533994534784483,53.738078931346884
1518,0.8544030312427464,38.999382697353745
1519,10.04254172331141,45.58557094815192
1520,3.6440734147088376,52.0788029704396
1521,20.95620164460709,47.49042477391382
1522,12.833706502032264,46.626699439791636
1523,13.78754741933502,37.289629531269725
1524,-1.5866721093519727,37.535018118450616
1525,20.806138260069094,54.175419600648226
1526,13.707441468484502,53.32341791037595
1527,-16.67189919705635,37.623625581907014
1528,15.397860128614445,51.18072137222747
1529,0.1310043468826944,38.044576285932635
1530,26.12794561734902,57.29287654309396
1531,5.407107164401303,51.809369388103484
1532,17.204851264447708,47.244110973884865
1533,2.8724178396490503,49.47610561234385
1534,-2.8994327324509683,45.31967041282201
1535,10.278470864346358,49.52048556745705
1536,-6.049117111493876,39.053767462792145
1537,8.587419169035861,46.44781104961881
1538,9.168702733496255,52.69927465295784
1539,8.622278778926832,52.93501212589522
1540,8.605237217651032,51.15368487183024
1541,9.799717848854447,49.918543639485584
1542,12.762867272834864,49.224575549501054
1543,24.360348887177896,58.795804595905494
1544,8.353611134578308,48.32272752309025
1545,7.973280304186273,48.20324940712166
1546,24.03415829228896,37.16132509565623
1547,24.867071431843407,38.65453998489944
1548,7.3565656894075175,45.75800568593487
1549,9.794574808510596,52.03846798888566
1550,-15.624624545158163,36.961825691706146
1551,-9.7965490026761,41.074259521720656
1552,-4.539263759218809,36.774798463924455
1553,7.451623533468636,51.321633791135795
1554,22.7184005062284,39.15669956934889
1555,-4.258305734776801,44.30730746857761
1556,10.510541566436665,44.24736423294567
1557,-0.6512751031470297,37.668510520346445
1558,15.138015557399445,37.37351808377727
1559,6.537989093159397,52.01618982087062
1560,-5.866698752267974,39.619504345588204
1561,5.244981226852923,52.10018251784575
1562,3.1320541485695563,47.1829377721916
1563,9.352219522678757,54.13613208119073
1564,10.707414814671615,59.98264085829182
1565,14.208475867958878,52.44572631972647
1566,-13.919625921787413,37.93424154998116
1567,19.930911950945738,49.138642781806816
1568,0.4199508462739021,41.34253995238396
1569,11.667733430980725,58.771196832521106
1570,10.348996743611366,46.38537871057325
1571,3.4650459725813954,39.494278148561854
1572,9.421662973784102,50.06481012133265
1573,12.594341362903668,51.4991568617442
1574,11.108203324457794,50.791503932271254
1575,20.803164587144742,51.74422170866026
1576,-6.038957857013157,35.201565959243766
1577,-4.226955154072355,45.80759873050019
1578,14.080290851438466,46.32011576951568
1579,15.931101117917448,46.70056640131424
1580,-3.002351068155817,42.936932060111054
1581,10.271875163231421,47.78209342086413
1582,2.4740754754287715,50.87570876192621
1583,23.9953635650268,36.18041008589647
1584,-6.307878263889657,37.48826536023044
1585,10.478342544198995,52.05587563640593
1586,7.690584515060281,53.234282770013984
1587,14.627938713475935,44.33265865227513
1588,-3.5146240970340137,43.02465665614204
1589,17.91117967462084,58.93141724264358
1590,1.5092027274962385,40.952246770807655
1591,7.959461067901895,51.166824870825245
1592,25.666662321843386,59.26177406595812
1593,24.260193801170736,38.91868319759598
1594,1.1953947975409733,39.30696079192079
1595,11.81627174598414,48.77110644065812
1596,5.736040893447564,48.43859439867056
1597,4.103628888060117,49.789866353648065
1598,-4.132422462252197,37.39586987851548
1599,5.589895985794396,51.8465549947779
1600,14.082173514931718,50.88198898987422
1601,8.569701763388878,49.645541518580885
1602,11.193952642378967,45.68020379328411
1603,7.500868865989228,50.176716912490875
1604,-1.491189250775212,45.52502391651921
1605,4.510359854273675,40.769810190783055
1606,11.357719816095283,41.03726667192039
1607,13.139299729919934,46.18046261176632
1608,8.518641824403057,52.29549072093075
1609,11.103265452006527,47.31454104524038
1610,-2.2037702831505053,37.98186786032678
1611,8.622912776163748,48.0258515412562
1612,-14.977983006838642,37.91025351894238
1613,17.525587850461186,59.95164998975494
1614,-7.374914720023642,38.565927971027804
1615,-0.8566585801767282,42.36603614373322
1616,12.047575841665648,41.84709529653016
1617,-1.3888966468097856,37.10234530238785
1618,11.192085072316328,42.20177506388195
1619,2.5854371446996844,41.28841826176244
1620,13.793739288576042,43.192341155148284
1621,6.656365389383073,50.077682241066995
1622,17.60834274856334,47.46770489587024
1623,14.712068883014219,52.99914892277902
1624,2.9853393730713425,37.738245125410366
1625,8.093490759081483,51.66757179258606
1626,-0.3595592436978358,38.85896813176869
1627,8.702900743554775,52.763600244519665
1628,-4.653629070698851,39.676164620223325
1629,-1.9266144725532561,40.228132549134045
1630,5.099071287139265,52.36405295500409
1631,7.971359217055469,43.96098559586545
1632,7.854316287092136,47.37865476622318
1633,15.27537342761048,49.365709263906304
1634,9.497162746901079,48.296389456274206
1635,12.79504894362398,49.74685331555638
1636,14.974920717326548,42.49584893569996
1637,1.2220099234047472,41.04901892353405
1638,-6.1048609125289275,52.12621537931841
1639,9.109223841280844,51.560659231000216
1640,-1.8979776402240511,51.3380889565713
1641,17.540569068937018,48.310724022701145
1642,0.024934834228147185,39.34595622859624
1643,-7.782968186637868,36.54401140318528
1644,14.423145540286306,53.23805668501239
1645,-5.3738165521770265,38.740475873941215
1646,10.499806666749953,58.02487182365448
1647,-3.7979324139569184,44.547481833193565
1648,13.898357905893624,41.56984118048251
1649,2.127655816220405,42.53449413062563
1650,0.3562325973566474,37.716923739363985
1651,1.3254035130088413,46.91667550167926
1652,16.249829797561773,47.68363103219074
1653,16.11731911617714,47.965718267511356
1654,8.518559137996325,43.48859856734213
1655,22.347229963849088,38.634749733202554
1656,1.7833745466719761,47.42996154618931
1657,12.35166224383516,55.88031286561324
1658,19.888994710661773,47.17511857479302
1659,-4.980301407962155,39.12212819792598
1660,-2.1825444404677095,38.85072739757714
1661,16.05045178755251,51.04337288752424
1662,8.629402719830203,46.20063391541779
1663,-15.330924708067812,37.21048791113445
1664,7.082476418287122,52.72662752459702
1665,-5.840913804311652,37.426636883009536
1666,10.207175004805322,60.01990232391314
1667,12.537911518233543,46.89224447835948
1668,8.433382196840821,53.837208173053625
1669,6.4915591762647145,53.47300042737934
1670,-3.5018242308728764,37.41132002244281
1671,10.18172354303183,61.739355598369265
1672,8.111269452252795,44.99861097967579
1673,18.91074918599914,46.65503706385912
1674,-0.5548844253775482,37.51345644463498
1675,5.202979593118378,52.49733427083884
1676,-3.68000196476018,40.45155390925121
1677,13.66809743989962,37.25902387768181
1678,0.19472796412893553,51.8236677652317
1679,6.607703712914541,50.8944192733182
1680,14.402416299752476,52.802564405787535
1681,17.618010279456545,47.06369170816782
1682,-9.790254967046444,39.566190252306455
1683,7.318524195602762,53.3272076767404
1684,-5.625669402101841,53.727650829339424
1685,6.734642136109821,44.54150208820051
1686,-3.310723964406548,37.731129468742424
1687,5.577703311007742,51.28333973803144
1688,16.095358883239587,37.643284998764585
1689,10.700492437065904,58.704892379914455
1690,12.793951002642203,47.979585039935436
1691,11.708534068426601,52.14494644529086
1692,-2.0044341592504016,40.98078724618518
1693,13.698567435303653,52.193321978988244
1694,20.903646566591657,51.86240295447426
1695,14.590558122862477,38.37057912528655
1696,8.267603991635237,50.600009166310656
1697,8.469339019430082,48.92452263860294
1698,1.7599241138408803,41.315430361943555
1699,8.260871960550315,52.76598876658007
1700,-1.75960782626164,41.444418361366836
1701,13.147470589419362,48.4681343219182
1702,-2.926658615529293,42.278306628109604
1703,-0.3317346123702496,40.34855802605399
1704,-4.685573757185419,53.37182465944941
1705,4.674289994343176,50.30731062136423
1706,2.4437323599373757,40.54191166158717
1707,4.891459232496661,50.9881459297147
1708,1.705809504915491,50.423053753719664
1709,14.29065474826894,51.677431770935506
1710,20.917888403078134,46.75054643087528
1711,-2.2448490870278106,44.16999081398026
1712,10.218946744288795,44.670207608623905
1713,-14.367613052476896,38.63260773446824
1714,12.121373185884588,43.94048615101882
1715,0.8409145238529512,50.168678947710205
1716,25.977997952280223,59.83691695819773
1717,21.363997297522385,53.50015351526604
1718,3.610100337548872,50.16066606827062
1719,12.756162848720313,54.506374957180334
1720,13.796398905273119,49.40834554262827
1721,15.801614095933356,38.22534002296226
1722,8.311853148043488,50.104207637279906
1723,11.806592030125225,51.77534325205272
1724,11.874885529183917,45.12958366777896
1725,10.961944257929806,44.524082317350285
1726,-0.6654462497835394,39.424169529253895
1727,10.028721077166809,60.07728127389413
1728,24.688269668225477,61.34414908128844
1729,0.7183127828474445,48.185939547239954
1730,17.494026772963647,46.799452494637144
1731,14.714429107562541,49.04481109999376
1732,-3.538855942938586,40.40869454742631
1733,11.605575077066876,52.15507387491161
1734,-11.09621994531883,39.10605001244182
1735,-4.664455520816812,45.44269148293342
1736,9.972099052719091,52.3896821510384
1737,8.750154598331399,46.49312739754981
1738,25.31618980866237,60.84208468763727
1739,6.3490722391048795,50.346114647123244
1740,19.68983778583449,46.95153817168554
1741,-0.567098153812288,51.912678366085174
1742,11.001764372684677,46.22678185086259
1743,-3.260353093348355,46.38492822005779
1744,19.99487394196242,51.22942849072488
1745,15.401436000121647,48.534892174803616
1746,-2.8306604342978363,51.55735336590431
1747,8.794964945014144,48.39003281626438
1748,1.637872929854277,42.30648805368503
1749,7.244769136922042,50.53395054357996
1750,3.351145648541289,49.94004169441442
1751,21.496926666252715,50.61123009058512
1752,9.155090757859611,44.809670268869674
1753,-4.411424843804963,36.677885277474836
1754,14.867726448015762,51.527495026377984
1755,7.068488859300558,48.87808704524414
1756,7.093007222121127,49.499138601914176
1757,8.239895746992792,53.453516515078334
1758,-5.077146341530604,44.33005748369062
1759,9.750028348084856,53.645094048185356
1760,4.187955490727728,39.007398844074636
1761,8.848111517052761,52.196130358070626
1762,-4.559576991318829,43.37392330542057
1763,-4.033444068218097,38.15120901419111
1764,7.806701549578841,53.36798091499891
1765,-7.427606075181718,41.196373077846744
1766,7.783312539527205,51.39908225492013
1767,14.941887164441768,47.70940945603514
1768,6.343903664917766,46.78725272085337
1769,13.623577745769383,37.8489127669653
1770,16.746516028005995,58.570040568821845
1771,18.73833552070945,46.89525885609543
1772,-4.351352418293901,37.359597024666854
1773,16.30180105770436,60.518507842206944
1774,-6.445664644396226,54.470674396349956
1775,6.872498793868766,49.87052731931056
1776,10.437965568516413,45.966415129463314
1777,3.2309778028242393,41.79663388633763
1778,18.35904219449066,48.16092241378643
1779,8.820293909631946,49.94460545005805
1780,7.669756299826188,52.75464415831885
1781,-0.7641593866139611,42.95285305256446
1782,19.375333641508576,52.90409839811884
1783,-7.592469264554568,39.175112512364464
1784,-3.9216585757418554,43.62607398360516
1785,13.278226329545038,43.271237877172474
1786,12.838146009213226,54.64013391120582
1787,9.054186917326021,55.17490034920587
1788,17.570548254963438,58.38174965118288
1789,-4.886537217606126,41.31648804816295
1790,8.733943939790054,47.89530157426223
1791,-5.776806406248742,38.17389576893439
1792,-10.38621591433612,39.271656244365
1793,13.666587791371331,44.06585345042885
1794,9.72007845299174,49.71812874196149
1795,13.086643434340496,51.26862661714646
1796,19.278284086290817,57.19114482287731
1797,1.6691855276506256,40.43534513167929
1798,11.344835941453436,43.72005786567147
1799,-5.123812382267392,45.582073654210014
1800,3.866556412230265,41.964289353353706
1801,7.3823592577450965,42.928857675461856
1802,14.507884997173628,52.08623282735857
1803,-0.2990669338309555,38.92994076772063
1804,-1.0557667327895464,41.79790434393699
1805,14.076696118721014,49.268222785182026
1806,18.088147715359842,48.05224014736822
1807,2.363529107624673,48.56788480994044
1808,3.3307166343290646,53.72697117906263
1809,10.676012005104733,49.76070928684201
1810,-2.9474172215185286,43.69432506359739
1811,11.757971827241683,48.031331241282366
1812,10.147843566985385,48.46138314090003
1813,14.887328312341475,51.02731091719831
1814,12.124973878859615,50.52747256873158
1815,-5.649791665341304,37.476137394750374
1816,-6.722679285250769,55.73006216801591
1817,16.706868472778364,48.57836382038875
1818,-4.7886680789821625,46.51736232710627
1819,5.896667084981433,51.805373341574466
1820,0.028214890464253295,42.55123510154415
1821,-3.8035374431803453,43.697113133762805
1822,6.527693094903187,49.88557484821802
1823,-1.5913340086384924,40.56358761337354
1824,12.192773359517854,50.87508079443679
1825,10.069178390203216,54.38227581713173
1826,10.57114594402467,49.75582916316634
1827,-4.957346373253781,45.07582748241411
1828,8.896248718875889,53.907224229394394
1829,10.947567886144942,53.11692741441802
1830,13.73828401293275,52.20641437522511
1831,-15.802593092481949,40.58735157845156
1832,10.537814717417413,48.63823101393727
1833,10.399333615248505,60.65530293743213
1834,-4.273539602583648,41.64404979009885
1835,11.76055008389886,52.37704489121362
1836,12.22380980481092,40.95741437888689
1837,11.283044626519548,53.91726119746343
1838,8.843644096887868,51.14583473726419
1839,8.888427469736806,48.14083278119063
1840,9.574164240403327,53.27224283178023
1841,-2.030477659505969,39.802556249973925
1842,8.674274691021722,47.21741648153283
1843,-4.311020170082954,51.28859667372749
1844,23.824437001430603,37.27139784883615
1845,6.100929869086483,51.16823038128075
1846,25.630611874487123,61.39167426845194
1847,10.32708618202908,52.02023430575756
1848,8.081239018497607,46.05277475052955
1849,13.060924088181055,47.314706875975475
1850,19.68299680133438,48.347091565740705
1851,11.829974332877118,48.962473828695146
1852,-3.7225436469679916,41.37431558558057
1853,1.8288835819018239,48.15503935639104
1854,25.508531891052197,38.85268027462647
1855,-4.412889407667426,37.226939583176296
1856,9.804429428029488,49.671411967801944
1857,13.701829517302805,43.10856459418602
1858,13.634891062927192,55.01016212636284
1859,-4.317106553666105,45.807673019888696
1860,17.032133384197873,61.61684045645892
1861,13.108144805988733,43.28980834026573
1862,-3.710438216648802,43.990407239897465
1863,0.939863471914109,39.28182246870938
1864,24.59173329836951,61.03022013241058
1865,7.16591717009608,52.00712851433883
1866,3.0911365123428927,40.884845413409785
1867,-1.1806799964372023,38.97669275511849
1868,8.946559779706702,52.43221994199258
1869,18.9332330459785,59.03817937162075
1870,2.8239913875781393,49.75024829534261
1871,12.933339686410392,41.2710343487717
1872,4.373496926214612,51.35498177723647
1873,10.251070611499072,50.60143204176228
1874,-0.21700154367999935,44.87942950460761
1875,6.639138660051672,51.32022983309712
1876,7.86513901740677,51.19582249604247
1877,9.17289223651037,52.18591888794535
1878,12.805589002009391,41.24214467060319
1879,7.681671084480805,51.586257073532316
1880,16.457664600474438,48.81835407728357
1881,-14.534614546890198,36.62318698726294
1882,-13.882013277175153,37.82605375422382
1883,12.43911900383532,61.09429573241273
1884,16.510480154228002,49.94691939476455
1885,10.708024895347455,39.16380429310338
1886,11.739628053405259,48.63667177906645
1887,11.579668041878202,60.67546168660086
1888,19.443240225666006,58.436268217121366
1889,8.420462210211241,46.78317645591607
1890,12.740176484022012,41.15707263654929
1891,3.016295420350381,41.340659785377916
1892,25.364071954208605,37.3831984981717
1893,17.842438321555715,47.1594522570168
1894,24.840271408801136,57.84900129232466
1895,1.1819623743895948,47.79049051027465
1896,16.74594700037249,48.58359769887764
1897,3.584330381398554,48.389104149486606
1898,-4.516257440780571,45.17363846048992
1899,-14.553966169925047,39.43893351596421
1900,14.281819865296416,51.48158974829103
1901,23.145768810665952,38.27341138146533
1902,1.2603246977703093,42.10216197195551
1903,12.995066836318934,39.24137458598951
1904,9.209340473462552,59.58924540157874
1905,12.641258551272056,38.58800980133003
1906,-6.764291633434657,37.26888818644681
1907,14.451121955376312,48.03760429247539
1908,11.881204070110547,45.30558787005311
1909,3.7873129002027017,51.70180167268678
1910,-3.4239219095137847,47.88608362930721
1911,-3.1811151900910337,46.96416140535677
1912,21.303362795633824,51.53896857367452
1913,13.494576997335486,50.76052105169887
1914,4.827374042385106,51.089888744613745
1915,0.10012499409058218,42.19731228602833
1916,18.438617041328207,58.659902135001325
1917,-3.6076919308549815,44.78018175673545
1918,-3.3640759143264978,35.809449078288615
1919,-4.158740832655593,38.60756435623285
1920,-15.399205901577801,39.50326992336537
1921,9.89868416744469,49.802302730792526
1922,-0.9860796398541811,42.98025461594715
1923,-0.49612178663596807,51.98351706017548
1924,11.879714612486673,45.12584059677134
1925,2.449857591550194,47.53998008340263
1926,-9.203412616475097,37.42612191509252
1927,5.012842881542405,49.734896188639375
1928,5.098828269840164,37.4387769372152
1929,17.32489285428936,59.27160702713184
1930,10.260969758042595,45.44554072662322
1931,0.7311490996972512,39.95250573403754
1932,6.27712490524687,54.690126315711844
1933,-2.627447982837464,39.93249924419897
1934,-6.99764986634543,39.830020817997074
1935,-0.5220432330834021,35.72168811192211
1936,13.222014245197222,53.35864454324392
1937,11.789674413591044,35.87923315102279
1938,9.026950539663407,51.7307383394397
1939,6.631956812945749,48.97051878243689
1940,20.737169161317063,53.01990181222306
1941,2.6715571939806697,38.36130911448484
1942,8.880060271888047,50.08043163324555
1943,8.71877603470817,52.4386599192993
1944,11.216653390128632,43.84312282325973
1945,12.540088268874493,57.096631985072065
1946,9.836495700515616,45.61226395732664
1947,12.48451324490333,42.85931771175494
1948,24.28909607460712,58.92044905370836
1949,12.72721081939713,51.9286835631145
1950,2.7075016847448623,50.24314634012742
1951,4.19965692009343,38.527704353337384
1952,4.725598951168484,51.537303031426944
1953,0.7122303322751813,42.935879492483856
1954,13.66708530572319,40.050444614396255
1955,13.177580859285573,49.22257631049162
1956,-5.44370752340574,46.14568324356494
1957,9.089166690154359,52.98201755347029
1958,-2.096578857315593,37.91993335396571
1959,9.046662267564901,44.944854108525966
1960,14.332960838492403,51.04161578522569
1961,9.849152792459954,47.58240305587986
1962,7.00567155368083,51.38255632936673
1963,-0.06764900693871168,37.11646949905869
1964,11.219367493134571,44.695986517427166
1965,9.328265050788536,45.33221938966577
1966,-3.7047957407053644,45.43402820880053
1967,-0.04759740050603911,38.18829020852081
1968,12.092177488766545,51.35305342438231
1969,12.286148012580433,45.51458212202178
1970,1.8445021446511836,41.471742520176726
1971,18.008268295006687,47.35397209578512
1972,7.034442220698272,52.326988207755
1973,5.287986430763697,52.61649122209451
1974,-6.881250426633986,37.68445588497435
1975,5.344277963293855,51.40918500462237
1976,10.015885626980769,60.96510478884377
1977,8.236005604355181,43.28843312602725
1978,11.549797486518314,46.85649364212377
1979,20.679269763467317,50.588914575086704
1980,13.671887718988758,38.91865180209074
1981,17.791918205187343,60.091747604029294
1982,-0.14793583299267465,39.87561187253245
1983,24.260731838672342,38.591698254589154
1984,-5.106208410950107,40.650915407526504
1985,10.114241701843845,47.34670632834164
1986,12.946728058959794,38.27196009778885
1987,26.42850256249567,59.07315105961493
1988,-0.20708667229513644,37.875469648707366
1989,19.60569327409072,48.66478305206073
1990,11.25456448636076,48.383072201546526
1991,11.532584627266443,60.30635396715419
1992,11.531205840483537,44.66875714053008
1993,24.874188223688666,60.0554655440284
1994,12.323316720617909,47.8061026092907
1995,12.885818525657276,45.3862939030052
1996,10.510591736881013,49.78682159700823
1997,12.512974367157742,46.73821433738928
1998,0.16110192408124985,40.66558844274225
1999,10.68392521800131,50.805733647780286
